id,name,year,avg_rating,num_votes,url
0468569,The Dark Knight,2008,9.0,1900034,http://www.imdb.com/title/tt0468569/?ref_=adv_li_tt
0910970,WALL·E,2008,8.4,831508,http://www.imdb.com/title/tt0910970/?ref_=adv_li_tt
0371746,Iron Man,2008,7.9,779705,http://www.imdb.com/title/tt0371746/?ref_=adv_li_tt
1010048,Slumdog Millionaire,2008,8.0,706891,http://www.imdb.com/title/tt1010048/?ref_=adv_li_tt
1205489,Gran Torino,2008,8.2,629325,http://www.imdb.com/title/tt1205489/?ref_=adv_li_tt
0936501,Taken,2008,7.8,518109,http://www.imdb.com/title/tt0936501/?ref_=adv_li_tt
0421715,The Curious Case of Benjamin Button,2008,7.8,508836,http://www.imdb.com/title/tt0421715/?ref_=adv_li_tt
0448157,Hancock,2008,6.4,386131,http://www.imdb.com/title/tt0448157/?ref_=adv_li_tt
1099212,Twilight,2008,5.2,373231,http://www.imdb.com/title/tt1099212/?ref_=adv_li_tt
0887912,The Hurt Locker,2008,7.6,369728,http://www.imdb.com/title/tt0887912/?ref_=adv_li_tt
0367882,Indiana Jones and the Kingdom of the Crystal Skull,2008,6.2,367578,http://www.imdb.com/title/tt0367882/?ref_=adv_li_tt
0800080,The Incredible Hulk,2008,6.8,361654,http://www.imdb.com/title/tt0800080/?ref_=adv_li_tt
0830515,Quantum of Solace,2008,6.6,360508,http://www.imdb.com/title/tt0830515/?ref_=adv_li_tt
0441773,Kung Fu Panda,2008,7.6,350050,http://www.imdb.com/title/tt0441773/?ref_=adv_li_tt
0780536,In Bruges,2008,7.9,340512,http://www.imdb.com/title/tt0780536/?ref_=adv_li_tt
0942385,Tropic Thunder,2008,7.0,334635,http://www.imdb.com/title/tt0942385/?ref_=adv_li_tt
1060277,Cloverfield,2008,7.0,333176,http://www.imdb.com/title/tt1060277/?ref_=adv_li_tt
0493464,Wanted,2008,6.7,324276,http://www.imdb.com/title/tt0493464/?ref_=adv_li_tt
1068680,Yes Man,2008,6.8,295236,http://www.imdb.com/title/tt1068680/?ref_=adv_li_tt
0910936,Pineapple Express,2008,7.0,278765,http://www.imdb.com/title/tt0910936/?ref_=adv_li_tt
0887883,Burn After Reading,2008,7.0,271004,http://www.imdb.com/title/tt0887883/?ref_=adv_li_tt
1125849,The Wrestler,2008,7.9,268915,http://www.imdb.com/title/tt1125849/?ref_=adv_li_tt
0489099,Jumper,2008,6.1,261238,http://www.imdb.com/title/tt0489099/?ref_=adv_li_tt
0814314,Seven Pounds,2008,7.6,255777,http://www.imdb.com/title/tt0814314/?ref_=adv_li_tt
0800039,Forgetting Sarah Marshall,2008,7.2,234883,http://www.imdb.com/title/tt0800039/?ref_=adv_li_tt
0838283,Step Brothers,2008,6.9,232638,http://www.imdb.com/title/tt0838283/?ref_=adv_li_tt
0411477,Hellboy II: The Golden Army,2008,7.0,226828,http://www.imdb.com/title/tt0411477/?ref_=adv_li_tt
0497465,Vicky Cristina Barcelona,2008,7.1,217627,http://www.imdb.com/title/tt0497465/?ref_=adv_li_tt
0824747,Changeling,2008,7.8,213907,http://www.imdb.com/title/tt0824747/?ref_=adv_li_tt
1032755,RocknRolla,2008,7.3,211224,http://www.imdb.com/title/tt1032755/?ref_=adv_li_tt
0976051,The Reader,2008,7.6,207567,http://www.imdb.com/title/tt0976051/?ref_=adv_li_tt
0478087,21,2008,6.8,205254,http://www.imdb.com/title/tt0478087/?ref_=adv_li_tt
0430922,Role Models,2008,6.9,204946,http://www.imdb.com/title/tt0430922/?ref_=adv_li_tt
0985699,Valkyrie,2008,7.1,202347,http://www.imdb.com/title/tt0985699/?ref_=adv_li_tt
0462499,Rambo,2008,7.0,193152,http://www.imdb.com/title/tt0462499/?ref_=adv_li_tt
0758774,Body of Lies,2008,7.1,189391,http://www.imdb.com/title/tt0758774/?ref_=adv_li_tt
0452608,Death Race,2008,6.4,179883,http://www.imdb.com/title/tt0452608/?ref_=adv_li_tt
0425061,Get Smart,2008,6.5,179824,http://www.imdb.com/title/tt0425061/?ref_=adv_li_tt
0949731,The Happening,2008,5.0,177127,http://www.imdb.com/title/tt0949731/?ref_=adv_li_tt
0960144,You Don't Mess with the Zohan,2008,5.5,169536,http://www.imdb.com/title/tt0960144/?ref_=adv_li_tt
0479952,Madagascar: Escape 2 Africa,2008,6.7,167459,http://www.imdb.com/title/tt0479952/?ref_=adv_li_tt
0499448,The Chronicles of Narnia: Prince Caspian,2008,6.5,167274,http://www.imdb.com/title/tt0499448/?ref_=adv_li_tt
0959337,Revolutionary Road,2008,7.3,166761,http://www.imdb.com/title/tt0959337/?ref_=adv_li_tt
0795421,Mamma Mia!,2008,6.4,162931,http://www.imdb.com/title/tt0795421/?ref_=adv_li_tt
0397892,Bolt,2008,6.9,162647,http://www.imdb.com/title/tt0397892/?ref_=adv_li_tt
0200465,The Bank Job,2008,7.3,161039,http://www.imdb.com/title/tt0200465/?ref_=adv_li_tt
1059786,Eagle Eye,2008,6.6,160871,http://www.imdb.com/title/tt1059786/?ref_=adv_li_tt
1007028,Zack and Miri Make a Porno,2008,6.6,159168,http://www.imdb.com/title/tt1007028/?ref_=adv_li_tt
0914798,The Boy in the Striped Pajamas,2008,7.8,155465,http://www.imdb.com/title/tt0914798/?ref_=adv_li_tt
1033643,What Happens in Vegas,2008,6.1,151527,http://www.imdb.com/title/tt1033643/?ref_=adv_li_tt
0970416,The Day the Earth Stood Still,2008,5.5,149319,http://www.imdb.com/title/tt0970416/?ref_=adv_li_tt
1013753,Milk,2008,7.6,148652,http://www.imdb.com/title/tt1013753/?ref_=adv_li_tt
1129442,Transporter 3,2008,6.1,139566,http://www.imdb.com/title/tt1129442/?ref_=adv_li_tt
0832266,"Definitely, Maybe",2008,7.2,138689,http://www.imdb.com/title/tt0832266/?ref_=adv_li_tt
0988595,27 Dresses,2008,6.1,136684,http://www.imdb.com/title/tt0988595/?ref_=adv_li_tt
0443274,Vantage Point,2008,6.6,134615,http://www.imdb.com/title/tt0443274/?ref_=adv_li_tt
0859163,The Mummy: Tomb of the Dragon Emperor,2008,5.2,131578,http://www.imdb.com/title/tt0859163/?ref_=adv_li_tt
0822832,Marley & Me,2008,7.1,129154,http://www.imdb.com/title/tt0822832/?ref_=adv_li_tt
1034303,Defiance,2008,7.2,125496,http://www.imdb.com/title/tt1034303/?ref_=adv_li_tt
0481536,Harold & Kumar Escape from Guantanamo Bay,2008,6.6,120740,http://www.imdb.com/title/tt0481536/?ref_=adv_li_tt
0443649,"10,000 BC",2008,5.1,115913,http://www.imdb.com/title/tt0443649/?ref_=adv_li_tt
0451079,Horton Hears a Who!,2008,6.8,115578,http://www.imdb.com/title/tt0451079/?ref_=adv_li_tt
0467197,Max Payne,2008,5.4,113966,http://www.imdb.com/title/tt0467197/?ref_=adv_li_tt
0455824,Australia,2008,6.6,109712,http://www.imdb.com/title/tt0455824/?ref_=adv_li_tt
0918927,Doubt,2008,7.5,108303,http://www.imdb.com/title/tt0918927/?ref_=adv_li_tt
1000774,Sex and the City,2008,5.6,105825,http://www.imdb.com/title/tt1000774/?ref_=adv_li_tt
0482606,The Strangers,2008,6.2,102364,http://www.imdb.com/title/tt0482606/?ref_=adv_li_tt
1172570,Bronson,2008,7.1,101782,http://www.imdb.com/title/tt1172570/?ref_=adv_li_tt
1132626,Saw V,2008,5.8,100187,http://www.imdb.com/title/tt1132626/?ref_=adv_li_tt
0421073,Street Kings,2008,6.8,99767,http://www.imdb.com/title/tt0421073/?ref_=adv_li_tt
0373051,Journey to the Center of the Earth,2008,5.8,97019,http://www.imdb.com/title/tt0373051/?ref_=adv_li_tt
1073498,Meet the Spartans,2008,2.7,94207,http://www.imdb.com/title/tt1073498/?ref_=adv_li_tt
0870111,Frost/Nixon,2008,7.7,93927,http://www.imdb.com/title/tt0870111/?ref_=adv_li_tt
0865556,The Forbidden Kingdom,2008,6.6,93651,http://www.imdb.com/title/tt0865556/?ref_=adv_li_tt
0790686,Mirrors,2008,6.2,93253,http://www.imdb.com/title/tt0790686/?ref_=adv_li_tt
0467200,The Other Boleyn Girl,2008,6.7,91707,http://www.imdb.com/title/tt0467200/?ref_=adv_li_tt
1023111,Never Back Down,2008,6.6,87113,http://www.imdb.com/title/tt1023111/?ref_=adv_li_tt
0364970,Babylon A.D.,2008,5.6,86823,http://www.imdb.com/title/tt0364970/?ref_=adv_li_tt
0799934,Be Kind Rewind,2008,6.4,83770,http://www.imdb.com/title/tt0799934/?ref_=adv_li_tt
0443701,The X Files: I Want to Believe,2008,5.9,82932,http://www.imdb.com/title/tt0443701/?ref_=adv_li_tt
0981227,Nick and Norah's Infinite Playlist,2008,6.7,80275,http://www.imdb.com/title/tt0981227/?ref_=adv_li_tt
1213644,Disaster Movie,2008,1.9,79306,http://www.imdb.com/title/tt1213644/?ref_=adv_li_tt
0960731,Bedtime Stories,2008,6.1,78268,http://www.imdb.com/title/tt0960731/?ref_=adv_li_tt
1034331,Righteous Kill,2008,6.0,77602,http://www.imdb.com/title/tt1034331/?ref_=adv_li_tt
1135985,Sex Drive,2008,6.5,77111,http://www.imdb.com/title/tt1135985/?ref_=adv_li_tt
0416236,The Spiderwick Chronicles,2008,6.6,76347,http://www.imdb.com/title/tt0416236/?ref_=adv_li_tt
1023481,Step Up 2: The Streets,2008,6.3,73079,http://www.imdb.com/title/tt1023481/?ref_=adv_li_tt
0839980,Semi-Pro,2008,5.8,71617,http://www.imdb.com/title/tt0839980/?ref_=adv_li_tt
1117385,Felon,2008,7.5,70420,http://www.imdb.com/title/tt1117385/?ref_=adv_li_tt
0852713,The House Bunny,2008,5.5,69996,http://www.imdb.com/title/tt0852713/?ref_=adv_li_tt
0864761,The Duchess,2008,6.9,68282,http://www.imdb.com/title/tt0864761/?ref_=adv_li_tt
0462465,Outlander,2008,6.3,67028,http://www.imdb.com/title/tt0462465/?ref_=adv_li_tt
0483607,Doomsday,2008,6.0,66432,http://www.imdb.com/title/tt0483607/?ref_=adv_li_tt
0383028,"Synecdoche, New York",2008,7.5,65959,http://www.imdb.com/title/tt0383028/?ref_=adv_li_tt
0494238,Inkheart,2008,6.1,65888,http://www.imdb.com/title/tt0494238/?ref_=adv_li_tt
1020530,Eden Lake,2008,6.8,65374,http://www.imdb.com/title/tt1020530/?ref_=adv_li_tt
0770752,Fool's Gold,2008,5.7,65367,http://www.imdb.com/title/tt0770752/?ref_=adv_li_tt
0862846,Sunshine Cleaning,2008,6.9,64314,http://www.imdb.com/title/tt0862846/?ref_=adv_li_tt
0455538,How to Lose Friends & Alienate People,2008,6.4,63982,http://www.imdb.com/title/tt0455538/?ref_=adv_li_tt
0995039,Ghost Town,2008,6.7,63857,http://www.imdb.com/title/tt0995039/?ref_=adv_li_tt
0361748,Inglourious Basterds,2009,8.3,1027785,http://www.imdb.com/title/tt0361748/?ref_=adv_li_tt
0499549,Avatar,2009,7.8,979417,http://www.imdb.com/title/tt0499549/?ref_=adv_li_tt
1049413,Up,2009,8.3,773009,http://www.imdb.com/title/tt1049413/?ref_=adv_li_tt
1119646,The Hangover,2009,7.7,635726,http://www.imdb.com/title/tt1119646/?ref_=adv_li_tt
1136608,District 9,2009,8.0,578126,http://www.imdb.com/title/tt1136608/?ref_=adv_li_tt
0796366,Star Trek,2009,8.0,540596,http://www.imdb.com/title/tt0796366/?ref_=adv_li_tt
0988045,Sherlock Holmes,2009,7.6,522839,http://www.imdb.com/title/tt0988045/?ref_=adv_li_tt
1156398,Zombieland,2009,7.7,429732,http://www.imdb.com/title/tt1156398/?ref_=adv_li_tt
0409459,Watchmen,2009,7.6,428237,http://www.imdb.com/title/tt0409459/?ref_=adv_li_tt
1022603,(500) Days of Summer,2009,7.7,418579,http://www.imdb.com/title/tt1022603/?ref_=adv_li_tt
0458525,X-Men Origins: Wolverine,2009,6.6,407963,http://www.imdb.com/title/tt0458525/?ref_=adv_li_tt
0417741,Harry Potter and the Half-Blood Prince,2009,7.6,377465,http://www.imdb.com/title/tt0417741/?ref_=adv_li_tt
1055369,Transformers: Revenge of the Fallen,2009,6.0,349386,http://www.imdb.com/title/tt1055369/?ref_=adv_li_tt
1190080,2012,2009,5.8,310825,http://www.imdb.com/title/tt1190080/?ref_=adv_li_tt
0438488,Terminator Salvation,2009,6.6,307111,http://www.imdb.com/title/tt0438488/?ref_=adv_li_tt
1182345,Moon,2009,7.9,292758,http://www.imdb.com/title/tt1182345/?ref_=adv_li_tt
1193138,Up in the Air,2009,7.4,288258,http://www.imdb.com/title/tt1193138/?ref_=adv_li_tt
1187043,3 Idiots,2009,8.4,266047,http://www.imdb.com/title/tt1187043/?ref_=adv_li_tt
1041829,The Proposal,2009,6.7,254284,http://www.imdb.com/title/tt1041829/?ref_=adv_li_tt
0878804,The Blind Side,2009,7.7,249545,http://www.imdb.com/title/tt0878804/?ref_=adv_li_tt
1152836,Public Enemies,2009,7.0,248846,http://www.imdb.com/title/tt1152836/?ref_=adv_li_tt
0808151,Angels & Demons,2009,6.7,238948,http://www.imdb.com/title/tt0808151/?ref_=adv_li_tt
1197624,Law Abiding Citizen,2009,7.4,237925,http://www.imdb.com/title/tt1197624/?ref_=adv_li_tt
1259571,The Twilight Saga: New Moon,2009,4.7,236623,http://www.imdb.com/title/tt1259571/?ref_=adv_li_tt
1013752,Fast & Furious,2009,6.6,228613,http://www.imdb.com/title/tt1013752/?ref_=adv_li_tt
0448011,Knowing,2009,6.2,200613,http://www.imdb.com/title/tt0448011/?ref_=adv_li_tt
1028532,Hachi: A Dog's Tale,2009,8.1,199211,http://www.imdb.com/title/tt1028532/?ref_=adv_li_tt
0898367,The Road,2009,7.3,196121,http://www.imdb.com/title/tt0898367/?ref_=adv_li_tt
1132620,The Girl with the Dragon Tattoo,2009,7.8,188791,http://www.imdb.com/title/tt1132620/?ref_=adv_li_tt
1080016,Ice Age: Dawn of the Dinosaurs,2009,7.0,187878,http://www.imdb.com/title/tt1080016/?ref_=adv_li_tt
1046173,G.I. Joe: The Rise of Cobra,2009,5.8,185236,http://www.imdb.com/title/tt1046173/?ref_=adv_li_tt
0485947,Mr. Nobody,2009,7.9,181235,http://www.imdb.com/title/tt0485947/?ref_=adv_li_tt
1142988,The Ugly Truth,2009,6.5,180216,http://www.imdb.com/title/tt1142988/?ref_=adv_li_tt
1155056,"I Love You, Man",2009,7.0,178139,http://www.imdb.com/title/tt1155056/?ref_=adv_li_tt
0844471,Cloudy with a Chance of Meatballs,2009,7.0,172200,http://www.imdb.com/title/tt0844471/?ref_=adv_li_tt
1127180,Drag Me to Hell,2009,6.6,169589,http://www.imdb.com/title/tt1127180/?ref_=adv_li_tt
0327597,Coraline,2009,7.7,167213,http://www.imdb.com/title/tt0327597/?ref_=adv_li_tt
1111422,The Taking of Pelham 123,2009,6.4,163913,http://www.imdb.com/title/tt1111422/?ref_=adv_li_tt
1148204,Orphan,2009,7.0,163117,http://www.imdb.com/title/tt1148204/?ref_=adv_li_tt
0432283,Fantastic Mr. Fox,2009,7.8,160680,http://www.imdb.com/title/tt0432283/?ref_=adv_li_tt
0986263,Surrogates,2009,6.3,159087,http://www.imdb.com/title/tt0986263/?ref_=adv_li_tt
0974661,17 Again,2009,6.4,158498,http://www.imdb.com/title/tt0974661/?ref_=adv_li_tt
1078912,Night at the Museum: Battle of the Smithsonian,2009,5.9,148073,http://www.imdb.com/title/tt1078912/?ref_=adv_li_tt
1001508,He's Just Not That Into You,2009,6.4,142853,http://www.imdb.com/title/tt1001508/?ref_=adv_li_tt
1091722,Adventureland,2009,6.8,141220,http://www.imdb.com/title/tt1091722/?ref_=adv_li_tt
0978762,Mary and Max,2009,8.1,139333,http://www.imdb.com/title/tt0978762/?ref_=adv_li_tt
0380510,The Lovely Bones,2009,6.7,137025,http://www.imdb.com/title/tt0380510/?ref_=adv_li_tt
0834001,Underworld: Rise of the Lycans,2009,6.6,135395,http://www.imdb.com/title/tt0834001/?ref_=adv_li_tt
1057500,Invictus,2009,7.4,135044,http://www.imdb.com/title/tt1057500/?ref_=adv_li_tt
1054606,The Imaginarium of Doctor Parnassus,2009,6.8,133782,http://www.imdb.com/title/tt1054606/?ref_=adv_li_tt
1188729,Pandorum,2009,6.8,131417,http://www.imdb.com/title/tt1188729/?ref_=adv_li_tt
0889583,Brüno,2009,5.8,127940,http://www.imdb.com/title/tt0889583/?ref_=adv_li_tt
0892782,Monsters vs. Aliens,2009,6.5,127263,http://www.imdb.com/title/tt0892782/?ref_=adv_li_tt
0452694,The Time Traveler's Wife,2009,7.1,125893,http://www.imdb.com/title/tt0452694/?ref_=adv_li_tt
1121931,Crank: High Voltage,2009,6.2,124592,http://www.imdb.com/title/tt1121931/?ref_=adv_li_tt
0473705,State of Play,2009,7.1,121066,http://www.imdb.com/title/tt0473705/?ref_=adv_li_tt
1034032,Gamer,2009,5.8,120345,http://www.imdb.com/title/tt1034032/?ref_=adv_li_tt
0472033,9,2009,7.1,120166,http://www.imdb.com/title/tt0472033/?ref_=adv_li_tt
1174732,An Education,2009,7.3,119034,http://www.imdb.com/title/tt1174732/?ref_=adv_li_tt
1234548,The Men Who Stare at Goats,2009,6.2,117145,http://www.imdb.com/title/tt1234548/?ref_=adv_li_tt
1019452,A Serious Man,2009,7.0,113577,http://www.imdb.com/title/tt1019452/?ref_=adv_li_tt
0433362,Daybreakers,2009,6.5,112400,http://www.imdb.com/title/tt0433362/?ref_=adv_li_tt
1201167,Funny People,2009,6.3,105796,http://www.imdb.com/title/tt1201167/?ref_=adv_li_tt
1058017,The Invention of Lying,2009,6.4,101640,http://www.imdb.com/title/tt1058017/?ref_=adv_li_tt
0780521,The Princess and the Frog,2009,7.1,100679,http://www.imdb.com/title/tt0780521/?ref_=adv_li_tt
1131734,Jennifer's Body,2009,5.1,100366,http://www.imdb.com/title/tt1131734/?ref_=adv_li_tt
0870984,Antichrist,2009,6.6,99140,http://www.imdb.com/title/tt0870984/?ref_=adv_li_tt
1131729,Pirate Radio,2009,7.4,97534,http://www.imdb.com/title/tt1131729/?ref_=adv_li_tt
0765010,Brothers,2009,7.1,97525,http://www.imdb.com/title/tt0765010/?ref_=adv_li_tt
0465580,Push,2009,6.1,96764,http://www.imdb.com/title/tt0465580/?ref_=adv_li_tt
0929632,Precious,2009,7.3,95682,http://www.imdb.com/title/tt0929632/?ref_=adv_li_tt
1315981,A Single Man,2009,7.6,94953,http://www.imdb.com/title/tt1315981/?ref_=adv_li_tt
0386117,Where the Wild Things Are,2009,6.8,93259,http://www.imdb.com/title/tt0386117/?ref_=adv_li_tt
1114740,Paul Blart: Mall Cop,2009,5.2,91039,http://www.imdb.com/title/tt1114740/?ref_=adv_li_tt
1078940,Couples Retreat,2009,5.5,89878,http://www.imdb.com/title/tt1078940/?ref_=adv_li_tt
1135503,Julie & Julia,2009,7.0,88958,http://www.imdb.com/title/tt1135503/?ref_=adv_li_tt
0901476,Bride Wars,2009,5.5,88425,http://www.imdb.com/title/tt0901476/?ref_=adv_li_tt
1233227,Saw VI,2009,6.0,87437,http://www.imdb.com/title/tt1233227/?ref_=adv_li_tt
1258197,Exam,2009,6.9,86844,http://www.imdb.com/title/tt1258197/?ref_=adv_li_tt
1067106,A Christmas Carol,2009,6.8,84801,http://www.imdb.com/title/tt1067106/?ref_=adv_li_tt
1017460,Splice,2009,5.8,84502,http://www.imdb.com/title/tt1017460/?ref_=adv_li_tt
1045772,I Love You Phillip Morris,2009,6.6,84093,http://www.imdb.com/title/tt1045772/?ref_=adv_li_tt
0963178,The International,2009,6.5,84071,http://www.imdb.com/title/tt0963178/?ref_=adv_li_tt
1144884,The Final Destination,2009,5.2,83502,http://www.imdb.com/title/tt1144884/?ref_=adv_li_tt
0758746,Friday the 13th,2009,5.6,83281,http://www.imdb.com/title/tt0758746/?ref_=adv_li_tt
0362478,The Box,2009,5.6,81838,http://www.imdb.com/title/tt0362478/?ref_=adv_li_tt
1045778,Year One,2009,4.9,81626,http://www.imdb.com/title/tt1045778/?ref_=adv_li_tt
1078588,My Sister's Keeper,2009,7.4,81567,http://www.imdb.com/title/tt1078588/?ref_=adv_li_tt
1187064,Triangle,2009,6.9,80574,http://www.imdb.com/title/tt1187064/?ref_=adv_li_tt
1216487,The Girl Who Played with Fire,2009,7.2,80572,http://www.imdb.com/title/tt1216487/?ref_=adv_li_tt
1289406,Harry Brown,2009,7.2,78398,http://www.imdb.com/title/tt1289406/?ref_=adv_li_tt
1230414,It's Complicated,2009,6.6,76137,http://www.imdb.com/title/tt1230414/?ref_=adv_li_tt
1263670,Crazy Heart,2009,7.3,75120,http://www.imdb.com/title/tt1263670/?ref_=adv_li_tt
0844708,The Last House on the Left,2009,6.6,74846,http://www.imdb.com/title/tt0844708/?ref_=adv_li_tt
0821640,Ghosts of Girlfriends Past,2009,5.8,73678,http://www.imdb.com/title/tt0821640/?ref_=adv_li_tt
0403702,Youth in Revolt,2009,6.5,68590,http://www.imdb.com/title/tt0403702/?ref_=adv_li_tt
1095217,Bad Lieutenant: Port of Call New Orleans,2009,6.6,68416,http://www.imdb.com/title/tt1095217/?ref_=adv_li_tt
0815245,The Uninvited,2009,6.4,68118,http://www.imdb.com/title/tt0815245/?ref_=adv_li_tt
1093908,Confessions of a Shopaholic,2009,5.9,67858,http://www.imdb.com/title/tt1093908/?ref_=adv_li_tt
1220198,The Fourth Kind,2009,5.9,67311,http://www.imdb.com/title/tt1220198/?ref_=adv_li_tt
1375666,Inception,2010,8.8,1687476,http://www.imdb.com/title/tt1375666/?ref_=adv_li_tt
1130884,Shutter Island,2010,8.1,920091,http://www.imdb.com/title/tt1130884/?ref_=adv_li_tt
0435761,Toy Story 3,2010,8.3,626248,http://www.imdb.com/title/tt0435761/?ref_=adv_li_tt
0947798,Black Swan,2010,8.0,609730,http://www.imdb.com/title/tt0947798/?ref_=adv_li_tt
1228705,Iron Man 2,2010,7.0,590841,http://www.imdb.com/title/tt1228705/?ref_=adv_li_tt
1504320,The King's Speech,2010,8.0,559352,http://www.imdb.com/title/tt1504320/?ref_=adv_li_tt
0892769,How to Train Your Dragon,2010,8.1,558794,http://www.imdb.com/title/tt0892769/?ref_=adv_li_tt
1285016,The Social Network,2010,7.7,536446,http://www.imdb.com/title/tt1285016/?ref_=adv_li_tt
1250777,Kick-Ass,2010,7.6,475006,http://www.imdb.com/title/tt1250777/?ref_=adv_li_tt
1323594,Despicable Me,2010,7.7,433670,http://www.imdb.com/title/tt1323594/?ref_=adv_li_tt
0926084,Harry Potter and the Deathly Hallows: Part 1,2010,7.7,384303,http://www.imdb.com/title/tt0926084/?ref_=adv_li_tt
1014759,Alice in Wonderland,2010,6.5,338863,http://www.imdb.com/title/tt1014759/?ref_=adv_li_tt
0398286,Tangled,2010,7.8,336197,http://www.imdb.com/title/tt0398286/?ref_=adv_li_tt
0446029,Scott Pilgrim vs. the World,2010,7.5,312351,http://www.imdb.com/title/tt0446029/?ref_=adv_li_tt
1282140,Easy A,2010,7.1,310013,http://www.imdb.com/title/tt1282140/?ref_=adv_li_tt
1542344,127 Hours,2010,7.6,307051,http://www.imdb.com/title/tt1542344/?ref_=adv_li_tt
0840361,The Town,2010,7.6,306087,http://www.imdb.com/title/tt0840361/?ref_=adv_li_tt
0964517,The Fighter,2010,7.8,301358,http://www.imdb.com/title/tt0964517/?ref_=adv_li_tt
1320253,The Expendables,2010,6.5,294193,http://www.imdb.com/title/tt1320253/?ref_=adv_li_tt
1231583,Due Date,2010,6.6,291532,http://www.imdb.com/title/tt1231583/?ref_=adv_li_tt
1104001,Tron,2010,6.8,283538,http://www.imdb.com/title/tt1104001/?ref_=adv_li_tt
1403865,True Grit,2010,7.6,266121,http://www.imdb.com/title/tt1403865/?ref_=adv_li_tt
0944835,Salt,2010,6.4,264931,http://www.imdb.com/title/tt0944835/?ref_=adv_li_tt
1245526,RED,2010,7.1,259426,http://www.imdb.com/title/tt1245526/?ref_=adv_li_tt
1037705,The Book of Eli,2010,6.9,253014,http://www.imdb.com/title/tt1037705/?ref_=adv_li_tt
0800320,Clash of the Titans,2010,5.8,245955,http://www.imdb.com/title/tt0800320/?ref_=adv_li_tt
0473075,Prince of Persia: The Sands of Time,2010,6.6,242490,http://www.imdb.com/title/tt0473075/?ref_=adv_li_tt
1591095,Insidious,2010,6.8,234397,http://www.imdb.com/title/tt1591095/?ref_=adv_li_tt
0955308,Robin Hood,2010,6.7,228911,http://www.imdb.com/title/tt0955308/?ref_=adv_li_tt
0429493,The A-Team,2010,6.8,226228,http://www.imdb.com/title/tt0429493/?ref_=adv_li_tt
1386588,The Other Guys,2010,6.7,209048,http://www.imdb.com/title/tt1386588/?ref_=adv_li_tt
1325004,The Twilight Saga: Eclipse,2010,5.0,199963,http://www.imdb.com/title/tt1325004/?ref_=adv_li_tt
1375670,Grown Ups,2010,6.0,198927,http://www.imdb.com/title/tt1375670/?ref_=adv_li_tt
1243957,The Tourist,2010,6.0,195042,http://www.imdb.com/title/tt1243957/?ref_=adv_li_tt
1001526,Megamind,2010,7.3,193200,http://www.imdb.com/title/tt1001526/?ref_=adv_li_tt
1424381,Predators,2010,6.4,186365,http://www.imdb.com/title/tt1424381/?ref_=adv_li_tt
0985694,Machete,2010,6.6,175926,http://www.imdb.com/title/tt0985694/?ref_=adv_li_tt
0477080,Unstoppable,2010,6.8,164056,http://www.imdb.com/title/tt0477080/?ref_=adv_li_tt
1013743,Knight and Day,2010,6.3,160899,http://www.imdb.com/title/tt1013743/?ref_=adv_li_tt
1120985,Blue Valentine,2010,7.4,159700,http://www.imdb.com/title/tt1120985/?ref_=adv_li_tt
1458175,The Next Three Days,2010,7.4,158952,http://www.imdb.com/title/tt1458175/?ref_=adv_li_tt
0758752,Love & Other Drugs,2010,6.7,158302,http://www.imdb.com/title/tt0758752/?ref_=adv_li_tt
1226229,Get Him to the Greek,2010,6.4,156177,http://www.imdb.com/title/tt1226229/?ref_=adv_li_tt
0814255,Percy Jackson & the Olympians: The Lightning Thief,2010,5.9,156002,http://www.imdb.com/title/tt0814255/?ref_=adv_li_tt
0892791,Shrek Forever After,2010,6.3,154809,http://www.imdb.com/title/tt0892791/?ref_=adv_li_tt
1231587,Hot Tub Time Machine,2010,6.4,148032,http://www.imdb.com/title/tt1231587/?ref_=adv_li_tt
1220634,Resident Evil: Afterlife,2010,5.9,146517,http://www.imdb.com/title/tt1220634/?ref_=adv_li_tt
1465522,Tucker and Dale vs Evil,2010,7.6,144688,http://www.imdb.com/title/tt1465522/?ref_=adv_li_tt
1139328,The Ghost Writer,2010,7.2,142753,http://www.imdb.com/title/tt1139328/?ref_=adv_li_tt
1279935,Date Night,2010,6.3,138207,http://www.imdb.com/title/tt1279935/?ref_=adv_li_tt
0963966,The Sorcerer's Apprentice,2010,6.1,136555,http://www.imdb.com/title/tt0963966/?ref_=adv_li_tt
1155076,The Karate Kid,2010,6.2,136182,http://www.imdb.com/title/tt1155076/?ref_=adv_li_tt
1462758,Buried,2010,7.0,131250,http://www.imdb.com/title/tt1462758/?ref_=adv_li_tt
0938283,The Last Airbender,2010,4.2,129963,http://www.imdb.com/title/tt0938283/?ref_=adv_li_tt
1403981,Remember Me,2010,7.2,123780,http://www.imdb.com/title/tt1403981/?ref_=adv_li_tt
1334260,Never Let Me Go,2010,7.2,123204,http://www.imdb.com/title/tt1334260/?ref_=adv_li_tt
1399683,Winter's Bone,2010,7.2,120956,http://www.imdb.com/title/tt1399683/?ref_=adv_li_tt
0980970,The Chronicles of Narnia: The Voyage of the Dawn Treader,2010,6.3,119821,http://www.imdb.com/title/tt0980970/?ref_=adv_li_tt
0989757,Dear John,2010,6.3,119422,http://www.imdb.com/title/tt0989757/?ref_=adv_li_tt
0804497,It's Kind of a Funny Story,2010,7.1,119232,http://www.imdb.com/title/tt0804497/?ref_=adv_li_tt
0947810,Green Zone,2010,6.8,118185,http://www.imdb.com/title/tt0947810/?ref_=adv_li_tt
0842926,The Kids Are All Right,2010,7.0,117209,http://www.imdb.com/title/tt0842926/?ref_=adv_li_tt
1314655,Devil,2010,6.2,115511,http://www.imdb.com/title/tt1314655/?ref_=adv_li_tt
0815236,She's Out of My League,2010,6.4,109674,http://www.imdb.com/title/tt0815236/?ref_=adv_li_tt
1255953,Incendies,2010,8.2,106986,http://www.imdb.com/title/tt1255953/?ref_=adv_li_tt
1055292,Life as We Know It,2010,6.6,106472,http://www.imdb.com/title/tt1055292/?ref_=adv_li_tt
1038919,The Bounty Hunter,2010,5.5,106350,http://www.imdb.com/title/tt1038919/?ref_=adv_li_tt
1179034,From Paris with Love,2010,6.5,103572,http://www.imdb.com/title/tt1179034/?ref_=adv_li_tt
0817230,Valentine's Day,2010,5.7,102466,http://www.imdb.com/title/tt0817230/?ref_=adv_li_tt
1228987,Let Me In,2010,7.1,101235,http://www.imdb.com/title/tt1228987/?ref_=adv_li_tt
0455407,The Crazies,2010,6.5,100097,http://www.imdb.com/title/tt0455407/?ref_=adv_li_tt
1023114,The Way Back,2010,7.3,96820,http://www.imdb.com/title/tt1023114/?ref_=adv_li_tt
0780653,The Wolfman,2010,5.8,94453,http://www.imdb.com/title/tt0780653/?ref_=adv_li_tt
0970866,Little Fockers,2010,5.5,93950,http://www.imdb.com/title/tt0970866/?ref_=adv_li_tt
1053424,Repo Men,2010,6.3,92960,http://www.imdb.com/title/tt1053424/?ref_=adv_li_tt
1027718,Wall Street: Money Never Sleeps,2010,6.2,90062,http://www.imdb.com/title/tt1027718/?ref_=adv_li_tt
1536044,Paranormal Activity 2,2010,5.7,89079,http://www.imdb.com/title/tt1536044/?ref_=adv_li_tt
1038686,Legion,2010,5.2,87376,http://www.imdb.com/title/tt1038686/?ref_=adv_li_tt
1433108,Faster,2010,6.5,86950,http://www.imdb.com/title/tt1433108/?ref_=adv_li_tt
0427152,Dinner for Schmucks,2010,5.9,86224,http://www.imdb.com/title/tt0427152/?ref_=adv_li_tt
0889573,The Switch,2010,6.1,85942,http://www.imdb.com/title/tt0889573/?ref_=adv_li_tt
1212419,Hereafter,2010,6.5,84537,http://www.imdb.com/title/tt1212419/?ref_=adv_li_tt
1440728,The American,2010,6.3,84225,http://www.imdb.com/title/tt1440728/?ref_=adv_li_tt
1188996,My Name Is Khan,2010,8.0,84024,http://www.imdb.com/title/tt1188996/?ref_=adv_li_tt
1470827,Monsters,2010,6.4,81775,http://www.imdb.com/title/tt1470827/?ref_=adv_li_tt
0892318,Letters to Juliet,2010,6.6,81646,http://www.imdb.com/title/tt0892318/?ref_=adv_li_tt
1179056,A Nightmare on Elm Street,2010,5.2,81554,http://www.imdb.com/title/tt1179056/?ref_=adv_li_tt
1226273,Edge of Darkness,2010,6.6,81286,http://www.imdb.com/title/tt1226273/?ref_=adv_li_tt
1386932,Ip Man 2,2010,7.6,81081,http://www.imdb.com/title/tt1386932/?ref_=adv_li_tt
1564585,Skyline,2010,4.4,80915,http://www.imdb.com/title/tt1564585/?ref_=adv_li_tt
1532503,Beginners,2010,7.2,80636,http://www.imdb.com/title/tt1532503/?ref_=adv_li_tt
1216492,Leap Year,2010,6.5,79990,http://www.imdb.com/title/tt1216492/?ref_=adv_li_tt
0480255,The Losers,2010,6.4,79696,http://www.imdb.com/title/tt0480255/?ref_=adv_li_tt
1385867,Cop Out,2010,5.6,79104,http://www.imdb.com/title/tt1385867/?ref_=adv_li_tt
1103153,Killers,2010,5.4,78370,http://www.imdb.com/title/tt1103153/?ref_=adv_li_tt
1477076,Saw 3D: The Final Chapter,2010,5.6,78142,http://www.imdb.com/title/tt1477076/?ref_=adv_li_tt
0464154,Piranha 3D,2010,5.5,77892,http://www.imdb.com/title/tt0464154/?ref_=adv_li_tt
0914863,Unthinkable,2010,7.1,77561,http://www.imdb.com/title/tt0914863/?ref_=adv_li_tt
1440292,Submarine,2010,7.3,75463,http://www.imdb.com/title/tt1440292/?ref_=adv_li_tt
0879870,Eat Pray Love,2010,5.7,71915,http://www.imdb.com/title/tt0879870/?ref_=adv_li_tt
1201607,Harry Potter and the Deathly Hallows: Part 2,2011,8.1,634413,http://www.imdb.com/title/tt1201607/?ref_=adv_li_tt
0800369,Thor,2011,7.0,610249,http://www.imdb.com/title/tt0800369/?ref_=adv_li_tt
1675434,The Intouchables,2011,8.6,608389,http://www.imdb.com/title/tt1675434/?ref_=adv_li_tt
0458339,Captain America: The First Avenger,2011,6.9,585387,http://www.imdb.com/title/tt0458339/?ref_=adv_li_tt
1270798,X: First Class,2011,7.8,574069,http://www.imdb.com/title/tt1270798/?ref_=adv_li_tt
0780504,Drive,2011,7.8,488907,http://www.imdb.com/title/tt0780504/?ref_=adv_li_tt
1219289,Limitless,2011,7.4,465471,http://www.imdb.com/title/tt1219289/?ref_=adv_li_tt
1318514,Rise of the Planet of the Apes,2011,7.6,451773,http://www.imdb.com/title/tt1318514/?ref_=adv_li_tt
0945513,Source Code,2011,7.5,426691,http://www.imdb.com/title/tt0945513/?ref_=adv_li_tt
1298650,Pirates of the Caribbean: On Stranger Tides,2011,6.6,420599,http://www.imdb.com/title/tt1298650/?ref_=adv_li_tt
1570728,"Crazy, Stupid, Love.",2011,7.4,414466,http://www.imdb.com/title/tt1570728/?ref_=adv_li_tt
1411697,The Hangover Part II,2011,6.5,410581,http://www.imdb.com/title/tt1411697/?ref_=adv_li_tt
1229238,Mission: Impossible - Ghost Protocol,2011,7.4,396310,http://www.imdb.com/title/tt1229238/?ref_=adv_li_tt
1499658,Horrible Bosses,2011,6.9,381901,http://www.imdb.com/title/tt1499658/?ref_=adv_li_tt
1291584,Warrior,2011,8.2,377788,http://www.imdb.com/title/tt1291584/?ref_=adv_li_tt
1515091,Sherlock Holmes: A Game of Shadows,2011,7.5,373706,http://www.imdb.com/title/tt1515091/?ref_=adv_li_tt
1568346,The Girl with the Dragon Tattoo,2011,7.8,365806,http://www.imdb.com/title/tt1568346/?ref_=adv_li_tt
1454029,The Help,2011,8.1,365012,http://www.imdb.com/title/tt1454029/?ref_=adv_li_tt
1399103,Transformers: Dark of the Moon,2011,6.3,351312,http://www.imdb.com/title/tt1399103/?ref_=adv_li_tt
1605783,Midnight in Paris,2011,7.7,336949,http://www.imdb.com/title/tt1605783/?ref_=adv_li_tt
1637688,In Time,2011,6.7,331418,http://www.imdb.com/title/tt1637688/?ref_=adv_li_tt
1596343,Fast Five,2011,7.3,313603,http://www.imdb.com/title/tt1596343/?ref_=adv_li_tt
1210166,Moneyball,2011,7.6,308866,http://www.imdb.com/title/tt1210166/?ref_=adv_li_tt
1650062,Super 8,2011,7.0,308615,http://www.imdb.com/title/tt1650062/?ref_=adv_li_tt
1632708,Friends with Benefits,2011,6.6,299929,http://www.imdb.com/title/tt1632708/?ref_=adv_li_tt
1306980,50/50,2011,7.7,290492,http://www.imdb.com/title/tt1306980/?ref_=adv_li_tt
0433035,Real Steel,2011,7.1,273128,http://www.imdb.com/title/tt0433035/?ref_=adv_li_tt
0970179,Hugo,2011,7.5,270682,http://www.imdb.com/title/tt0970179/?ref_=adv_li_tt
1133985,Green Lantern,2011,5.6,240322,http://www.imdb.com/title/tt1133985/?ref_=adv_li_tt
1478338,Bridesmaids,2011,6.8,237538,http://www.imdb.com/title/tt1478338/?ref_=adv_li_tt
1401152,Unknown,2011,6.9,225884,http://www.imdb.com/title/tt1401152/?ref_=adv_li_tt
1601913,The Grey,2011,6.8,219085,http://www.imdb.com/title/tt1601913/?ref_=adv_li_tt
1385826,The Adjustment Bureau,2011,7.1,216910,http://www.imdb.com/title/tt1385826/?ref_=adv_li_tt
1033575,The Descendants,2011,7.3,216801,http://www.imdb.com/title/tt1033575/?ref_=adv_li_tt
0978764,Sucker Punch,2011,6.1,211226,http://www.imdb.com/title/tt0978764/?ref_=adv_li_tt
1302011,Kung Fu Panda 2,2011,7.3,209583,http://www.imdb.com/title/tt1302011/?ref_=adv_li_tt
1464540,I Am Number Four,2011,6.1,209345,http://www.imdb.com/title/tt1464540/?ref_=adv_li_tt
1092026,Paul,2011,7.0,209265,http://www.imdb.com/title/tt1092026/?ref_=adv_li_tt
1655442,The Artist,2011,7.9,207761,http://www.imdb.com/title/tt1655442/?ref_=adv_li_tt
1192628,Rango,2011,7.2,203461,http://www.imdb.com/title/tt1192628/?ref_=adv_li_tt
1124035,The Ides of March,2011,7.1,201503,http://www.imdb.com/title/tt1124035/?ref_=adv_li_tt
1324999,The Twilight Saga: Breaking Dawn - Part 1,2011,4.9,197068,http://www.imdb.com/title/tt1324999/?ref_=adv_li_tt
1598778,Contagion,2011,6.6,193118,http://www.imdb.com/title/tt1598778/?ref_=adv_li_tt
0983193,The Adventures of Tintin,2011,7.4,192370,http://www.imdb.com/title/tt0983193/?ref_=adv_li_tt
1564367,Just Go with It,2011,6.4,190133,http://www.imdb.com/title/tt1564367/?ref_=adv_li_tt
1189340,The Lincoln Lawyer,2011,7.3,187911,http://www.imdb.com/title/tt1189340/?ref_=adv_li_tt
0409847,Cowboys & Aliens,2011,6.0,187065,http://www.imdb.com/title/tt0409847/?ref_=adv_li_tt
1411238,No Strings Attached,2011,6.2,186568,http://www.imdb.com/title/tt1411238/?ref_=adv_li_tt
1436562,Rio,2011,6.9,180940,http://www.imdb.com/title/tt1436562/?ref_=adv_li_tt
1284575,Bad Teacher,2011,5.7,173121,http://www.imdb.com/title/tt1284575/?ref_=adv_li_tt
0993842,Hanna,2011,6.8,170306,http://www.imdb.com/title/tt0993842/?ref_=adv_li_tt
1340800,Tinker Tailor Soldier Spy,2011,7.1,165404,http://www.imdb.com/title/tt1340800/?ref_=adv_li_tt
1723811,Shame,2011,7.2,162796,http://www.imdb.com/title/tt1723811/?ref_=adv_li_tt
1217613,Battle Los Angeles,2011,5.8,162601,http://www.imdb.com/title/tt1217613/?ref_=adv_li_tt
0478304,The Tree of Life,2011,6.8,149406,http://www.imdb.com/title/tt0478304/?ref_=adv_li_tt
1253864,Immortals,2011,6.0,147353,http://www.imdb.com/title/tt1253864/?ref_=adv_li_tt
1488555,The Change-Up,2011,6.3,146902,http://www.imdb.com/title/tt1488555/?ref_=adv_li_tt
0990407,The Green Hornet,2011,5.8,144120,http://www.imdb.com/title/tt0990407/?ref_=adv_li_tt
1527186,Melancholia,2011,7.1,143883,http://www.imdb.com/title/tt1527186/?ref_=adv_li_tt
0472399,The Mechanic,2011,6.6,134513,http://www.imdb.com/title/tt0472399/?ref_=adv_li_tt
1568911,War Horse,2011,7.2,128659,http://www.imdb.com/title/tt1568911/?ref_=adv_li_tt
0448694,Puss in Boots,2011,6.7,125475,http://www.imdb.com/title/tt0448694/?ref_=adv_li_tt
1216475,Cars 2,2011,6.2,122664,http://www.imdb.com/title/tt1216475/?ref_=adv_li_tt
1389137,We Bought a Zoo,2011,7.1,121179,http://www.imdb.com/title/tt1389137/?ref_=adv_li_tt
1563738,One Day,2011,7.0,119788,http://www.imdb.com/title/tt1563738/?ref_=adv_li_tt
0471042,Tower Heist,2011,6.2,118533,http://www.imdb.com/title/tt0471042/?ref_=adv_li_tt
1448755,Killer Elite,2011,6.5,113130,http://www.imdb.com/title/tt1448755/?ref_=adv_li_tt
1242460,We Need to Talk About Kevin,2011,7.5,112756,http://www.imdb.com/title/tt1242460/?ref_=adv_li_tt
1262416,Scream 4,2011,6.2,112577,http://www.imdb.com/title/tt1262416/?ref_=adv_li_tt
1616195,J. Edgar,2011,6.6,111288,http://www.imdb.com/title/tt1616195/?ref_=adv_li_tt
0480687,Hall Pass,2011,5.9,109888,http://www.imdb.com/title/tt0480687/?ref_=adv_li_tt
1692486,Carnage,2011,7.2,105983,http://www.imdb.com/title/tt1692486/?ref_=adv_li_tt
0905372,The Thing,2011,6.2,104884,http://www.imdb.com/title/tt0905372/?ref_=adv_li_tt
0822847,Priest,2011,5.7,103802,http://www.imdb.com/title/tt0822847/?ref_=adv_li_tt
1067583,Water for Elephants,2011,6.9,102003,http://www.imdb.com/title/tt1067583/?ref_=adv_li_tt
1615147,Margin Call,2011,7.1,101621,http://www.imdb.com/title/tt1615147/?ref_=adv_li_tt
1634122,Johnny English Reborn,2011,6.3,98334,http://www.imdb.com/title/tt1634122/?ref_=adv_li_tt
1486185,Red Riding Hood,2011,5.4,98202,http://www.imdb.com/title/tt1486185/?ref_=adv_li_tt
1071875,Ghost Rider: Spirit of Vengeance,2011,4.3,97228,http://www.imdb.com/title/tt1071875/?ref_=adv_li_tt
1509767,The Three Musketeers,2011,5.8,95071,http://www.imdb.com/title/tt1509767/?ref_=adv_li_tt
1622979,Final Destination 5,2011,5.9,92262,http://www.imdb.com/title/tt1622979/?ref_=adv_li_tt
0376136,The Rum Diary,2011,6.2,91927,http://www.imdb.com/title/tt0376136/?ref_=adv_li_tt
1007029,The Iron Lady,2011,6.4,91376,http://www.imdb.com/title/tt1007029/?ref_=adv_li_tt
1438176,Fright Night,2011,6.4,90962,http://www.imdb.com/title/tt1438176/?ref_=adv_li_tt
1240982,Your Highness,2011,5.5,90313,http://www.imdb.com/title/tt1240982/?ref_=adv_li_tt
1478964,Attack the Block,2011,6.6,89533,http://www.imdb.com/title/tt1478964/?ref_=adv_li_tt
0477302,Extremely Loud & Incredibly Close,2011,6.9,89389,http://www.imdb.com/title/tt0477302/?ref_=adv_li_tt
1571222,A Dangerous Method,2011,6.5,88975,http://www.imdb.com/title/tt1571222/?ref_=adv_li_tt
1614989,Hodejegerne,2011,7.6,87544,http://www.imdb.com/title/tt1614989/?ref_=adv_li_tt
0816462,Conan the Barbarian,2011,5.2,87231,http://www.imdb.com/title/tt0816462/?ref_=adv_li_tt
1502404,Drive Angry,2011,5.4,86802,http://www.imdb.com/title/tt1502404/?ref_=adv_li_tt
1622547,30 Minutes or Less,2011,6.1,83833,http://www.imdb.com/title/tt1622547/?ref_=adv_li_tt
1657507,Colombiana,2011,6.4,82853,http://www.imdb.com/title/tt1657507/?ref_=adv_li_tt
1778304,Paranormal Activity 3,2011,5.8,82398,http://www.imdb.com/title/tt1778304/?ref_=adv_li_tt
0479997,Season of the Witch,2011,5.4,81958,http://www.imdb.com/title/tt0479997/?ref_=adv_li_tt
1161864,The Rite,2011,6.0,81949,http://www.imdb.com/title/tt1161864/?ref_=adv_li_tt
1412386,The Best Exotic Marigold Hotel,2011,7.3,81640,http://www.imdb.com/title/tt1412386/?ref_=adv_li_tt
1549572,Another Earth,2011,7.0,81305,http://www.imdb.com/title/tt1549572/?ref_=adv_li_tt
1204342,The Muppets,2011,7.1,79738,http://www.imdb.com/title/tt1204342/?ref_=adv_li_tt
1637706,Our Idiot Brother,2011,6.4,78614,http://www.imdb.com/title/tt1637706/?ref_=adv_li_tt
1345836,The Dark Knight Rises,2012,8.4,1292217,http://www.imdb.com/title/tt1345836/?ref_=adv_li_tt
1853728,Django Unchained,2012,8.4,1112405,http://www.imdb.com/title/tt1853728/?ref_=adv_li_tt
0848228,The Avengers,2012,8.1,1090914,http://www.imdb.com/title/tt0848228/?ref_=adv_li_tt
1392170,The Hunger Games,2012,7.2,763059,http://www.imdb.com/title/tt1392170/?ref_=adv_li_tt
0903624,The Hobbit: An Unexpected Journey,2012,7.9,692068,http://www.imdb.com/title/tt0903624/?ref_=adv_li_tt
1045658,Silver Linings Playbook,2012,7.8,589898,http://www.imdb.com/title/tt1045658/?ref_=adv_li_tt
1074638,Skyfall,2012,7.8,566616,http://www.imdb.com/title/tt1074638/?ref_=adv_li_tt
1446714,Prometheus,2012,7.0,514388,http://www.imdb.com/title/tt1446714/?ref_=adv_li_tt
1637725,Ted,2012,7.0,513651,http://www.imdb.com/title/tt1637725/?ref_=adv_li_tt
1024648,Argo,2012,7.7,505543,http://www.imdb.com/title/tt1024648/?ref_=adv_li_tt
0454876,Life of Pi,2012,7.9,498335,http://www.imdb.com/title/tt0454876/?ref_=adv_li_tt
0948470,The Amazing Spider-Man,2012,7.0,495657,http://www.imdb.com/title/tt0948470/?ref_=adv_li_tt
1276104,Looper,2012,7.4,473868,http://www.imdb.com/title/tt1276104/?ref_=adv_li_tt
1232829,21 Jump Street,2012,7.2,452375,http://www.imdb.com/title/tt1232829/?ref_=adv_li_tt
1659337,The Perks of Being a Wallflower,2012,8.0,398263,http://www.imdb.com/title/tt1659337/?ref_=adv_li_tt
1259521,The Cabin in the Woods,2012,7.0,313811,http://www.imdb.com/title/tt1259521/?ref_=adv_li_tt
1371111,Cloud Atlas,2012,7.5,312049,http://www.imdb.com/title/tt1371111/?ref_=adv_li_tt
1217209,Brave,2012,7.1,311753,http://www.imdb.com/title/tt1217209/?ref_=adv_li_tt
1772341,Wreck-It Ralph,2012,7.7,307380,http://www.imdb.com/title/tt1772341/?ref_=adv_li_tt
1409024,Men in Black 3,2012,6.8,289358,http://www.imdb.com/title/tt1409024/?ref_=adv_li_tt
1907668,Flight,2012,7.3,286904,http://www.imdb.com/title/tt1907668/?ref_=adv_li_tt
1748122,Moonrise Kingdom,2012,7.8,270347,http://www.imdb.com/title/tt1748122/?ref_=adv_li_tt
1707386,Les Misérables,2012,7.6,269573,http://www.imdb.com/title/tt1707386/?ref_=adv_li_tt
1764651,The Expendables 2,2012,6.6,266251,http://www.imdb.com/title/tt1764651/?ref_=adv_li_tt
0790724,Jack Reacher,2012,7.0,264341,http://www.imdb.com/title/tt0790724/?ref_=adv_li_tt
1397280,Taken 2,2012,6.3,260223,http://www.imdb.com/title/tt1397280/?ref_=adv_li_tt
1194173,The Bourne Legacy,2012,6.7,255389,http://www.imdb.com/title/tt1194173/?ref_=adv_li_tt
1735898,Snow White and the Huntsman,2012,6.1,247804,http://www.imdb.com/title/tt1735898/?ref_=adv_li_tt
1981677,Pitch Perfect,2012,7.2,240245,http://www.imdb.com/title/tt1981677/?ref_=adv_li_tt
1790885,Zero Dark Thirty,2012,7.4,237010,http://www.imdb.com/title/tt1790885/?ref_=adv_li_tt
1645170,The Dictator,2012,6.4,235306,http://www.imdb.com/title/tt1645170/?ref_=adv_li_tt
0401729,John Carter,2012,6.6,228596,http://www.imdb.com/title/tt0401729/?ref_=adv_li_tt
1343727,Dredd,2012,7.1,223607,http://www.imdb.com/title/tt1343727/?ref_=adv_li_tt
1706593,Chronicle,2012,7.1,220525,http://www.imdb.com/title/tt1706593/?ref_=adv_li_tt
1386703,Total Recall,2012,6.3,218803,http://www.imdb.com/title/tt1386703/?ref_=adv_li_tt
1077368,Dark Shadows,2012,6.2,218098,http://www.imdb.com/title/tt1077368/?ref_=adv_li_tt
0443272,Lincoln,2012,7.4,217200,http://www.imdb.com/title/tt0443272/?ref_=adv_li_tt
1440129,Battleship,2012,5.8,216901,http://www.imdb.com/title/tt1440129/?ref_=adv_li_tt
2106476,Jagten,2012,8.3,214027,http://www.imdb.com/title/tt2106476/?ref_=adv_li_tt
1817273,The Place Beyond the Pines,2012,7.3,212575,http://www.imdb.com/title/tt1817273/?ref_=adv_li_tt
1931533,Seven Psychopaths,2012,7.2,209221,http://www.imdb.com/title/tt1931533/?ref_=adv_li_tt
1212450,Lawless,2012,7.3,203854,http://www.imdb.com/title/tt1212450/?ref_=adv_li_tt
1673434,The Twilight Saga: Breaking Dawn - Part 2,2012,5.5,202055,http://www.imdb.com/title/tt1673434/?ref_=adv_li_tt
1855199,End of Watch,2012,7.7,201606,http://www.imdb.com/title/tt1855199/?ref_=adv_li_tt
0837562,Hotel Transylvania,2012,7.1,186304,http://www.imdb.com/title/tt0837562/?ref_=adv_li_tt
1605630,American Reunion,2012,6.7,184150,http://www.imdb.com/title/tt1605630/?ref_=adv_li_tt
1922777,Sinister,2012,6.8,183486,http://www.imdb.com/title/tt1922777/?ref_=adv_li_tt
1599348,Safe House,2012,6.8,181300,http://www.imdb.com/title/tt1599348/?ref_=adv_li_tt
1636826,Project X,2012,6.7,170137,http://www.imdb.com/title/tt1636826/?ref_=adv_li_tt
1649419,The Impossible,2012,7.6,165385,http://www.imdb.com/title/tt1649419/?ref_=adv_li_tt
1646987,Wrath of the Titans,2012,5.8,164878,http://www.imdb.com/title/tt1646987/?ref_=adv_li_tt
1606389,The Vow,2012,6.8,163924,http://www.imdb.com/title/tt1606389/?ref_=adv_li_tt
1667889,Ice Age: Continental Drift,2012,6.6,162859,http://www.imdb.com/title/tt1667889/?ref_=adv_li_tt
1596350,This Means War,2012,6.3,160468,http://www.imdb.com/title/tt1596350/?ref_=adv_li_tt
1596365,The Woman in Black,2012,6.4,157367,http://www.imdb.com/title/tt1596365/?ref_=adv_li_tt
1935179,Mud,2012,7.4,149241,http://www.imdb.com/title/tt1935179/?ref_=adv_li_tt
1611224,Abraham Lincoln: Vampire Hunter,2012,5.9,137376,http://www.imdb.com/title/tt1611224/?ref_=adv_li_tt
1446192,Rise of the Guardians,2012,7.3,136982,http://www.imdb.com/title/tt1446192/?ref_=adv_li_tt
1277953,Madagascar 3: Europe's Most Wanted,2012,6.9,134472,http://www.imdb.com/title/tt1277953/?ref_=adv_li_tt
1568338,Man on a Ledge,2012,6.6,133023,http://www.imdb.com/title/tt1568338/?ref_=adv_li_tt
1496025,Underworld Awakening,2012,6.4,132381,http://www.imdb.com/title/tt1496025/?ref_=adv_li_tt
1560747,The Master,2012,7.1,120581,http://www.imdb.com/title/tt1560747/?ref_=adv_li_tt
1764234,Killing Them Softly,2012,6.2,119853,http://www.imdb.com/title/tt1764234/?ref_=adv_li_tt
1855325,Resident Evil: Retribution,2012,5.4,119372,http://www.imdb.com/title/tt1855325/?ref_=adv_li_tt
2101441,Spring Breakers,2012,5.3,119094,http://www.imdb.com/title/tt2101441/?ref_=adv_li_tt
1915581,Magic Mike,2012,6.1,118136,http://www.imdb.com/title/tt1915581/?ref_=adv_li_tt
1790886,The Campaign,2012,6.1,113994,http://www.imdb.com/title/tt1790886/?ref_=adv_li_tt
1758830,This Is 40,2012,6.2,111768,http://www.imdb.com/title/tt1758830/?ref_=adv_li_tt
1298649,The Watch,2012,5.7,111429,http://www.imdb.com/title/tt1298649/?ref_=adv_li_tt
1615065,Savages,2012,6.5,111000,http://www.imdb.com/title/tt1615065/?ref_=adv_li_tt
1862079,Safety Not Guaranteed,2012,7.0,108244,http://www.imdb.com/title/tt1862079/?ref_=adv_li_tt
1524137,Contraband,2012,6.5,107617,http://www.imdb.com/title/tt1524137/?ref_=adv_li_tt
1547234,Premium Rush,2012,6.5,101939,http://www.imdb.com/title/tt1547234/?ref_=adv_li_tt
1307068,Seeking a Friend for the End of the World,2012,6.7,97094,http://www.imdb.com/title/tt1307068/?ref_=adv_li_tt
1567609,Get the Gringo,2012,7.0,94244,http://www.imdb.com/title/tt1567609/?ref_=adv_li_tt
1656190,Safe,2012,6.5,91808,http://www.imdb.com/title/tt1656190/?ref_=adv_li_tt
1327194,The Lucky One,2012,6.5,88016,http://www.imdb.com/title/tt1327194/?ref_=adv_li_tt
1839492,Ruby Sparks,2012,7.2,87188,http://www.imdb.com/title/tt1839492/?ref_=adv_li_tt
1592525,Lockout,2012,6.1,86927,http://www.imdb.com/title/tt1592525/?ref_=adv_li_tt
1482459,The Lorax,2012,6.4,85142,http://www.imdb.com/title/tt1482459/?ref_=adv_li_tt
1195478,The Five-Year Engagement,2012,6.2,84363,http://www.imdb.com/title/tt1195478/?ref_=adv_li_tt
1034314,Iron Sky,2012,5.9,84257,http://www.imdb.com/title/tt1034314/?ref_=adv_li_tt
1142977,Frankenweenie,2012,7.0,83453,http://www.imdb.com/title/tt1142977/?ref_=adv_li_tt
1623288,ParaNorman,2012,7.0,81759,http://www.imdb.com/title/tt1623288/?ref_=adv_li_tt
1602620,Amour,2012,7.9,79679,http://www.imdb.com/title/tt1602620/?ref_=adv_li_tt
1781769,Anna Karenina,2012,6.6,79646,http://www.imdb.com/title/tt1781769/?ref_=adv_li_tt
1648179,Here Comes the Boom,2012,6.4,79111,http://www.imdb.com/title/tt1648179/?ref_=adv_li_tt
1232200,That's My Boy,2012,5.6,77819,http://www.imdb.com/title/tt1232200/?ref_=adv_li_tt
1486192,The Raven,2012,6.4,77360,http://www.imdb.com/title/tt1486192/?ref_=adv_li_tt
1397514,Journey 2: The Mysterious Island,2012,5.8,76377,http://www.imdb.com/title/tt1397514/?ref_=adv_li_tt
1667353,Mirror Mirror,2012,5.6,76179,http://www.imdb.com/title/tt1667353/?ref_=adv_li_tt
1859650,To Rome with Love,2012,6.3,75845,http://www.imdb.com/title/tt1859650/?ref_=adv_li_tt
2125435,Beasts of the Southern Wild,2012,7.3,75051,http://www.imdb.com/title/tt2125435/?ref_=adv_li_tt
2205697,Stuck in Love,2012,7.3,74850,http://www.imdb.com/title/tt2205697/?ref_=adv_li_tt
1433811,Disconnect,2012,7.6,67447,http://www.imdb.com/title/tt1433811/?ref_=adv_li_tt
1336608,Rock of Ages,2012,5.9,66674,http://www.imdb.com/title/tt1336608/?ref_=adv_li_tt
1840417,The Words,2012,7.1,66665,http://www.imdb.com/title/tt1840417/?ref_=adv_li_tt
1234719,Red Dawn,2012,5.4,66644,http://www.imdb.com/title/tt1234719/?ref_=adv_li_tt
1655460,Wanderlust,2012,5.6,66376,http://www.imdb.com/title/tt1655460/?ref_=adv_li_tt
0975645,Hitchcock,2012,6.8,65461,http://www.imdb.com/title/tt0975645/?ref_=adv_li_tt
0993846,The Wolf of Wall Street,2013,8.2,936420,http://www.imdb.com/title/tt0993846/?ref_=adv_li_tt
1454468,Gravity,2013,7.8,658832,http://www.imdb.com/title/tt1454468/?ref_=adv_li_tt
1300854,Iron Man Three,2013,7.2,624489,http://www.imdb.com/title/tt1300854/?ref_=adv_li_tt
0770828,Man of Steel,2013,7.1,609234,http://www.imdb.com/title/tt0770828/?ref_=adv_li_tt
1951264,The Hunger Games: Catching Fire,2013,7.5,548243,http://www.imdb.com/title/tt1951264/?ref_=adv_li_tt
1170358,The Hobbit: The Desolation of Smaug,2013,7.9,537047,http://www.imdb.com/title/tt1170358/?ref_=adv_li_tt
2024544,12 Years a Slave,2013,8.1,528386,http://www.imdb.com/title/tt2024544/?ref_=adv_li_tt
0816711,World War Z,2013,7.0,520996,http://www.imdb.com/title/tt0816711/?ref_=adv_li_tt
1670345,Now You See Me,2013,7.3,519790,http://www.imdb.com/title/tt1670345/?ref_=adv_li_tt
2294629,Frozen,2013,7.5,479547,http://www.imdb.com/title/tt2294629/?ref_=adv_li_tt
1981115,Thor: The Dark World,2013,7.0,478035,http://www.imdb.com/title/tt1981115/?ref_=adv_li_tt
1392214,Prisoners,2013,8.1,475242,http://www.imdb.com/title/tt1392214/?ref_=adv_li_tt
1408101,Star Trek: Into Darkness,2013,7.8,431052,http://www.imdb.com/title/tt1408101/?ref_=adv_li_tt
1483013,Oblivion,2013,7.0,428800,http://www.imdb.com/title/tt1483013/?ref_=adv_li_tt
1798709,Her,2013,8.0,423107,http://www.imdb.com/title/tt1798709/?ref_=adv_li_tt
1663662,Pacific Rim,2013,6.9,418002,http://www.imdb.com/title/tt1663662/?ref_=adv_li_tt
1343092,The Great Gatsby,2013,7.3,406496,http://www.imdb.com/title/tt1343092/?ref_=adv_li_tt
1800241,American Hustle,2013,7.3,396105,http://www.imdb.com/title/tt1800241/?ref_=adv_li_tt
0790636,Dallas Buyers Club,2013,8.0,375881,http://www.imdb.com/title/tt0790636/?ref_=adv_li_tt
1535108,Elysium,2013,6.6,375854,http://www.imdb.com/title/tt1535108/?ref_=adv_li_tt
1430132,The Wolverine,2013,6.7,374598,http://www.imdb.com/title/tt1430132/?ref_=adv_li_tt
1535109,Captain Phillips,2013,7.8,364939,http://www.imdb.com/title/tt1535109/?ref_=adv_li_tt
1979320,Rush,2013,8.1,364533,http://www.imdb.com/title/tt1979320/?ref_=adv_li_tt
1457767,The Conjuring,2013,7.5,355403,http://www.imdb.com/title/tt1457767/?ref_=adv_li_tt
1723121,We're the Millers,2013,7.0,350864,http://www.imdb.com/title/tt1723121/?ref_=adv_li_tt
1245492,This Is the End,2013,6.6,342443,http://www.imdb.com/title/tt1245492/?ref_=adv_li_tt
1905041,Furious 6,2013,7.1,331450,http://www.imdb.com/title/tt1905041/?ref_=adv_li_tt
1690953,Despicable Me 2,2013,7.4,322540,http://www.imdb.com/title/tt1690953/?ref_=adv_li_tt
1453405,Monsters University,2013,7.3,268337,http://www.imdb.com/title/tt1453405/?ref_=adv_li_tt
0359950,The Secret Life of Walter Mitty,2013,7.3,261369,http://www.imdb.com/title/tt0359950/?ref_=adv_li_tt
1951261,The Hangover Part III,2013,5.9,252328,http://www.imdb.com/title/tt1951261/?ref_=adv_li_tt
2194499,About Time,2013,7.8,237823,http://www.imdb.com/title/tt2194499/?ref_=adv_li_tt
1091191,Lone Survivor,2013,7.5,231829,http://www.imdb.com/title/tt1091191/?ref_=adv_li_tt
1650554,Kick-Ass 2,2013,6.6,225318,http://www.imdb.com/title/tt1650554/?ref_=adv_li_tt
2302755,Olympus Has Fallen,2013,6.5,223952,http://www.imdb.com/title/tt2302755/?ref_=adv_li_tt
1706620,Snowpiercer,2013,7.0,216434,http://www.imdb.com/title/tt1706620/?ref_=adv_li_tt
1213663,The World's End,2013,7.0,215006,http://www.imdb.com/title/tt1213663/?ref_=adv_li_tt
2229499,Don Jon,2013,6.6,207491,http://www.imdb.com/title/tt2229499/?ref_=adv_li_tt
1731141,Ender's Game,2013,6.7,201897,http://www.imdb.com/title/tt1731141/?ref_=adv_li_tt
1588173,Warm Bodies,2013,6.9,200454,http://www.imdb.com/title/tt1588173/?ref_=adv_li_tt
1210819,The Lone Ranger,2013,6.5,199106,http://www.imdb.com/title/tt1210819/?ref_=adv_li_tt
1211956,Escape Plan,2013,6.7,197402,http://www.imdb.com/title/tt1211956/?ref_=adv_li_tt
1321870,Gangster Squad,2013,6.7,187900,http://www.imdb.com/title/tt1321870/?ref_=adv_li_tt
1623205,Oz the Great and Powerful,2013,6.3,186286,http://www.imdb.com/title/tt1623205/?ref_=adv_li_tt
2334879,White House Down,2013,6.4,181199,http://www.imdb.com/title/tt2334879/?ref_=adv_li_tt
1606378,A Good Day to Die Hard,2013,5.3,179493,http://www.imdb.com/title/tt1606378/?ref_=adv_li_tt
1980209,Pain & Gain,2013,6.4,176379,http://www.imdb.com/title/tt1980209/?ref_=adv_li_tt
1428538,Hansel & Gretel: Witch Hunters,2013,6.1,174472,http://www.imdb.com/title/tt1428538/?ref_=adv_li_tt
1815862,After Earth,2013,4.9,173331,http://www.imdb.com/title/tt1815862/?ref_=adv_li_tt
1272878,2 Guns,2013,6.7,172592,http://www.imdb.com/title/tt1272878/?ref_=adv_li_tt
2234155,The Internship,2013,6.3,172369,http://www.imdb.com/title/tt2234155/?ref_=adv_li_tt
2334873,Blue Jasmine,2013,7.3,169267,http://www.imdb.com/title/tt2334873/?ref_=adv_li_tt
0481499,The Croods,2013,7.2,167297,http://www.imdb.com/title/tt0481499/?ref_=adv_li_tt
2184339,The Purge,2013,5.7,164375,http://www.imdb.com/title/tt2184339/?ref_=adv_li_tt
2053463,Side Effects,2013,7.1,161076,http://www.imdb.com/title/tt2053463/?ref_=adv_li_tt
1583421,G.I. Joe: Retaliation,2013,5.8,157370,http://www.imdb.com/title/tt1583421/?ref_=adv_li_tt
2023587,Mama,2013,6.2,150731,http://www.imdb.com/title/tt2023587/?ref_=adv_li_tt
1229340,Anchorman 2: The Legend Continues,2013,6.3,146061,http://www.imdb.com/title/tt1229340/?ref_=adv_li_tt
2404463,The Heat,2013,6.6,145648,http://www.imdb.com/title/tt2404463/?ref_=adv_li_tt
1821694,RED 2,2013,6.7,140076,http://www.imdb.com/title/tt1821694/?ref_=adv_li_tt
1288558,Evil Dead,2013,6.5,139007,http://www.imdb.com/title/tt1288558/?ref_=adv_li_tt
1411250,Riddick,2013,6.4,137673,http://www.imdb.com/title/tt1411250/?ref_=adv_li_tt
2140373,Saving Mr. Banks,2013,7.5,131382,http://www.imdb.com/title/tt2140373/?ref_=adv_li_tt
2226417,Insidious: Chapter 2,2013,6.6,128792,http://www.imdb.com/title/tt2226417/?ref_=adv_li_tt
1335975,47 Ronin,2013,6.3,128655,http://www.imdb.com/title/tt1335975/?ref_=adv_li_tt
1727388,The Way Way Back,2013,7.4,126859,http://www.imdb.com/title/tt1727388/?ref_=adv_li_tt
2316411,Enemy,2013,6.9,126049,http://www.imdb.com/title/tt2316411/?ref_=adv_li_tt
1714206,The Spectacular Now,2013,7.1,123654,http://www.imdb.com/title/tt1714206/?ref_=adv_li_tt
1549920,The Last Stand,2013,6.4,122249,http://www.imdb.com/title/tt1549920/?ref_=adv_li_tt
1980929,Begin Again,2013,7.4,120645,http://www.imdb.com/title/tt1980929/?ref_=adv_li_tt
2191701,Grown Ups 2,2013,5.4,120579,http://www.imdb.com/title/tt2191701/?ref_=adv_li_tt
1939659,Carrie,2013,5.9,118594,http://www.imdb.com/title/tt1939659/?ref_=adv_li_tt
1538403,The Mortal Instruments: City of Bones,2013,5.9,116641,http://www.imdb.com/title/tt1538403/?ref_=adv_li_tt
1351685,Jack the Giant Slayer,2013,6.3,116541,http://www.imdb.com/title/tt1351685/?ref_=adv_li_tt
1204975,Last Vegas,2013,6.6,116517,http://www.imdb.com/title/tt1204975/?ref_=adv_li_tt
2042568,Inside Llewyn Davis,2013,7.5,113858,http://www.imdb.com/title/tt2042568/?ref_=adv_li_tt
2209418,Before Midnight,2013,7.9,112719,http://www.imdb.com/title/tt2209418/?ref_=adv_li_tt
0816442,The Book Thief,2013,7.6,112589,http://www.imdb.com/title/tt0816442/?ref_=adv_li_tt
2278871,Blue Is the Warmest Color,2013,7.8,112465,http://www.imdb.com/title/tt2278871/?ref_=adv_li_tt
2692904,Locke,2013,7.1,109318,http://www.imdb.com/title/tt2692904/?ref_=adv_li_tt
2024432,Identity Thief,2013,5.7,107542,http://www.imdb.com/title/tt2024432/?ref_=adv_li_tt
1441395,Under the Skin,2013,6.3,102252,http://www.imdb.com/title/tt1441395/?ref_=adv_li_tt
0790736,R.I.P.D.,2013,5.6,102062,http://www.imdb.com/title/tt0790736/?ref_=adv_li_tt
1924429,Trance,2013,6.9,101018,http://www.imdb.com/title/tt1924429/?ref_=adv_li_tt
1517260,The Host,2013,5.9,100852,http://www.imdb.com/title/tt1517260/?ref_=adv_li_tt
1821549,Nebraska,2013,7.7,100431,http://www.imdb.com/title/tt1821549/?ref_=adv_li_tt
1904996,Parker,2013,6.2,99954,http://www.imdb.com/title/tt1904996/?ref_=adv_li_tt
2388715,Oculus,2013,6.5,98966,http://www.imdb.com/title/tt2388715/?ref_=adv_li_tt
1911644,The Call,2013,6.7,98350,http://www.imdb.com/title/tt1911644/?ref_=adv_li_tt
2404311,The Family,2013,6.3,97714,http://www.imdb.com/title/tt2404311/?ref_=adv_li_tt
1937390,Nymphomaniac: Vol. I,2013,7.0,97706,http://www.imdb.com/title/tt1937390/?ref_=adv_li_tt
1327773,The Butler,2013,7.2,97083,http://www.imdb.com/title/tt1327773/?ref_=adv_li_tt
1854564,Percy Jackson: Sea of Monsters,2013,5.9,96433,http://www.imdb.com/title/tt1854564/?ref_=adv_li_tt
1602613,Only God Forgives,2013,5.7,94492,http://www.imdb.com/title/tt1602613/?ref_=adv_li_tt
1206543,Out of the Furnace,2013,6.8,93523,http://www.imdb.com/title/tt1206543/?ref_=adv_li_tt
2312718,Homefront,2013,6.5,93091,http://www.imdb.com/title/tt2312718/?ref_=adv_li_tt
1682180,Stoker,2013,6.8,92989,http://www.imdb.com/title/tt1682180/?ref_=adv_li_tt
0848537,Epic,2013,6.7,91969,http://www.imdb.com/title/tt0848537/?ref_=adv_li_tt
1702439,Safe Haven,2013,6.7,89988,http://www.imdb.com/title/tt1702439/?ref_=adv_li_tt
2193215,The Counselor,2013,5.3,88231,http://www.imdb.com/title/tt2193215/?ref_=adv_li_tt
0816692,Interstellar,2014,8.6,1155101,http://www.imdb.com/title/tt0816692/?ref_=adv_li_tt
2015381,Guardians of the Galaxy,2014,8.1,823039,http://www.imdb.com/title/tt2015381/?ref_=adv_li_tt
2267998,Gone Girl,2014,8.1,692070,http://www.imdb.com/title/tt2267998/?ref_=adv_li_tt
1843866,Captain America: The Winter Soldier,2014,7.8,584308,http://www.imdb.com/title/tt1843866/?ref_=adv_li_tt
1877832,X-Men: Days of Future Past,2014,8.0,580349,http://www.imdb.com/title/tt1877832/?ref_=adv_li_tt
2278388,The Grand Budapest Hotel,2014,8.1,577600,http://www.imdb.com/title/tt2278388/?ref_=adv_li_tt
2084970,The Imitation Game,2014,8.0,569649,http://www.imdb.com/title/tt2084970/?ref_=adv_li_tt
2582802,Whiplash,2014,8.5,538374,http://www.imdb.com/title/tt2582802/?ref_=adv_li_tt
1631867,Edge of Tomorrow,2014,7.9,504582,http://www.imdb.com/title/tt1631867/?ref_=adv_li_tt
2802144,Kingsman: The Secret Service,2014,7.7,499956,http://www.imdb.com/title/tt2802144/?ref_=adv_li_tt
2562232,Birdman or (The Unexpected Virtue of Ignorance),2014,7.8,474981,http://www.imdb.com/title/tt2562232/?ref_=adv_li_tt
2310332,The Hobbit: The Battle of the Five Armies,2014,7.4,409504,http://www.imdb.com/title/tt2310332/?ref_=adv_li_tt
1840309,Divergent,2014,6.7,379392,http://www.imdb.com/title/tt1840309/?ref_=adv_li_tt
0470752,Ex Machina,2014,7.7,377655,http://www.imdb.com/title/tt0470752/?ref_=adv_li_tt
2911666,John Wick,2014,7.3,377470,http://www.imdb.com/title/tt2911666/?ref_=adv_li_tt
2872732,Lucy,2014,6.4,375997,http://www.imdb.com/title/tt2872732/?ref_=adv_li_tt
2179136,American Sniper,2014,7.3,375022,http://www.imdb.com/title/tt2179136/?ref_=adv_li_tt
2103281,Dawn of the Planet of the Apes,2014,7.6,368649,http://www.imdb.com/title/tt2103281/?ref_=adv_li_tt
2872718,Nightcrawler,2014,7.9,364219,http://www.imdb.com/title/tt2872718/?ref_=adv_li_tt
1872181,The Amazing Spider-Man 2,2014,6.7,361888,http://www.imdb.com/title/tt1872181/?ref_=adv_li_tt
1790864,The Maze Runner,2014,6.8,360310,http://www.imdb.com/title/tt1790864/?ref_=adv_li_tt
2713180,Fury,2014,7.6,353808,http://www.imdb.com/title/tt2713180/?ref_=adv_li_tt
1951265,The Hunger Games: Mockingjay - Part 1,2014,6.7,353252,http://www.imdb.com/title/tt1951265/?ref_=adv_li_tt
2245084,Big Hero 6,2014,7.8,333347,http://www.imdb.com/title/tt2245084/?ref_=adv_li_tt
0831387,Godzilla,2014,6.4,329758,http://www.imdb.com/title/tt0831387/?ref_=adv_li_tt
2980516,The Theory of Everything,2014,7.7,326018,http://www.imdb.com/title/tt2980516/?ref_=adv_li_tt
1065073,Boyhood,2014,7.9,300968,http://www.imdb.com/title/tt1065073/?ref_=adv_li_tt
2294449,22 Jump Street,2014,7.0,298249,http://www.imdb.com/title/tt2294449/?ref_=adv_li_tt
2582846,The Fault in Our Stars,2014,7.8,290753,http://www.imdb.com/title/tt2582846/?ref_=adv_li_tt
1587310,Maleficent,2014,7.0,283921,http://www.imdb.com/title/tt1587310/?ref_=adv_li_tt
1490017,The Lego Movie,2014,7.8,282366,http://www.imdb.com/title/tt1490017/?ref_=adv_li_tt
2788710,The Interview,2014,6.6,273035,http://www.imdb.com/title/tt2788710/?ref_=adv_li_tt
2109248,Transformers: Age of Extinction,2014,5.7,269496,http://www.imdb.com/title/tt2109248/?ref_=adv_li_tt
0455944,The Equalizer,2014,7.2,261689,http://www.imdb.com/title/tt0455944/?ref_=adv_li_tt
1646971,How to Train Your Dragon 2,2014,7.8,250724,http://www.imdb.com/title/tt1646971/?ref_=adv_li_tt
2004420,Neighbors,2014,6.3,250059,http://www.imdb.com/title/tt2004420/?ref_=adv_li_tt
1253863,300: Rise of an Empire,2014,6.2,248955,http://www.imdb.com/title/tt1253863/?ref_=adv_li_tt
2024469,Non-Stop,2014,7.0,221975,http://www.imdb.com/title/tt2024469/?ref_=adv_li_tt
1959490,Noah,2014,5.8,218475,http://www.imdb.com/title/tt1959490/?ref_=adv_li_tt
2397535,Predestination,2014,7.5,206315,http://www.imdb.com/title/tt2397535/?ref_=adv_li_tt
1234721,RoboCop,2014,6.2,197412,http://www.imdb.com/title/tt1234721/?ref_=adv_li_tt
2209764,Transcendence,2014,6.3,194438,http://www.imdb.com/title/tt2209764/?ref_=adv_li_tt
1291150,Teenage Mutant Ninja Turtles,2014,5.8,184779,http://www.imdb.com/title/tt1291150/?ref_=adv_li_tt
2883512,Chef,2014,7.3,161655,http://www.imdb.com/title/tt2883512/?ref_=adv_li_tt
3235888,It Follows,2014,6.8,158240,http://www.imdb.com/title/tt3235888/?ref_=adv_li_tt
0829150,Dracula Untold,2014,6.3,156056,http://www.imdb.com/title/tt0829150/?ref_=adv_li_tt
1872194,The Judge,2014,7.4,154107,http://www.imdb.com/title/tt1872194/?ref_=adv_li_tt
2446042,Taken 3,2014,6.0,153818,http://www.imdb.com/title/tt2446042/?ref_=adv_li_tt
2557490,A Million Ways to Die in the West,2014,6.1,151721,http://www.imdb.com/title/tt2557490/?ref_=adv_li_tt
2321549,The Babadook,2014,6.8,150009,http://www.imdb.com/title/tt2321549/?ref_=adv_li_tt
2369135,Need for Speed,2014,6.5,148447,http://www.imdb.com/title/tt2369135/?ref_=adv_li_tt
2333784,The Expendables 3,2014,6.1,145849,http://www.imdb.com/title/tt2333784/?ref_=adv_li_tt
1528100,Exodus: Gods and Kings,2014,6.0,143718,http://www.imdb.com/title/tt1528100/?ref_=adv_li_tt
2170439,Horrible Bosses 2,2014,6.3,133879,http://www.imdb.com/title/tt2170439/?ref_=adv_li_tt
0458481,Sin City: A Dame to Kill For,2014,6.5,130296,http://www.imdb.com/title/tt0458481/?ref_=adv_li_tt
1267297,Hercules,2014,6.0,128320,http://www.imdb.com/title/tt1267297/?ref_=adv_li_tt
1600196,The Drop,2014,7.1,123723,http://www.imdb.com/title/tt1600196/?ref_=adv_li_tt
1809398,Unbroken,2014,7.2,122024,http://www.imdb.com/title/tt1809398/?ref_=adv_li_tt
1100089,Foxcatcher,2014,7.0,120110,http://www.imdb.com/title/tt1100089/?ref_=adv_li_tt
2338151,PK,2014,8.2,119156,http://www.imdb.com/title/tt2338151/?ref_=adv_li_tt
1924435,Let's Be Cops,2014,6.5,116869,http://www.imdb.com/title/tt1924435/?ref_=adv_li_tt
2203939,The Other Woman,2014,6.0,116012,http://www.imdb.com/title/tt2203939/?ref_=adv_li_tt
2180411,Into the Woods,2014,6.0,115900,http://www.imdb.com/title/tt2180411/?ref_=adv_li_tt
2975578,The Purge: Anarchy,2014,6.5,113756,http://www.imdb.com/title/tt2975578/?ref_=adv_li_tt
2177771,The Monuments Men,2014,6.1,112355,http://www.imdb.com/title/tt2177771/?ref_=adv_li_tt
2096672,Dumb and Dumber To,2014,5.6,110406,http://www.imdb.com/title/tt2096672/?ref_=adv_li_tt
1205537,Jack Ryan: Shadow Recruit,2014,6.2,107505,http://www.imdb.com/title/tt1205537/?ref_=adv_li_tt
3316960,Still Alice,2014,7.5,107277,http://www.imdb.com/title/tt3316960/?ref_=adv_li_tt
3322940,Annabelle,2014,5.4,106271,http://www.imdb.com/title/tt3322940/?ref_=adv_li_tt
3416742,What We Do in the Shadows,2014,7.6,103017,http://www.imdb.com/title/tt3416742/?ref_=adv_li_tt
2305051,Wild,2014,7.1,102927,http://www.imdb.com/title/tt2305051/?ref_=adv_li_tt
0435651,The Giver,2014,6.5,99166,http://www.imdb.com/title/tt0435651/?ref_=adv_li_tt
1086772,Blended,2014,6.5,99130,http://www.imdb.com/title/tt1086772/?ref_=adv_li_tt
1355630,If I Stay,2014,6.8,99021,http://www.imdb.com/title/tt1355630/?ref_=adv_li_tt
0365907,A Walk Among the Tombstones,2014,6.5,98281,http://www.imdb.com/title/tt0365907/?ref_=adv_li_tt
2265171,The Raid 2,2014,8.0,96717,http://www.imdb.com/title/tt2265171/?ref_=adv_li_tt
2884206,I Origins,2014,7.4,95412,http://www.imdb.com/title/tt2884206/?ref_=adv_li_tt
1921064,Pompeii,2014,5.5,94907,http://www.imdb.com/title/tt1921064/?ref_=adv_li_tt
1956620,Sex Tape,2014,5.1,94640,http://www.imdb.com/title/tt1956620/?ref_=adv_li_tt
1638002,"Love, Rosie",2014,7.2,90250,http://www.imdb.com/title/tt1638002/?ref_=adv_li_tt
1408253,Ride Along,2014,6.2,87808,http://www.imdb.com/title/tt1408253/?ref_=adv_li_tt
1800246,That Awkward Moment,2014,6.2,86789,http://www.imdb.com/title/tt1800246/?ref_=adv_li_tt
2170593,St. Vincent,2014,7.3,84751,http://www.imdb.com/title/tt2170593/?ref_=adv_li_tt
2692250,Night at the Museum: Secret of the Tomb,2014,6.2,82015,http://www.imdb.com/title/tt2692250/?ref_=adv_li_tt
2172934,3 Days to Kill,2014,6.2,77023,http://www.imdb.com/title/tt2172934/?ref_=adv_li_tt
2980592,The Guest,2014,6.7,76203,http://www.imdb.com/title/tt2980592/?ref_=adv_li_tt
1791528,Inherent Vice,2014,6.7,75591,http://www.imdb.com/title/tt1791528/?ref_=adv_li_tt
1020072,Selma,2014,7.5,72510,http://www.imdb.com/title/tt1020072/?ref_=adv_li_tt
1418377,"I, Frankenstein",2014,5.1,72086,http://www.imdb.com/title/tt1418377/?ref_=adv_li_tt
1126590,Big Eyes,2014,7.0,70136,http://www.imdb.com/title/tt1126590/?ref_=adv_li_tt
1109624,Paddington,2014,7.2,68521,http://www.imdb.com/title/tt1109624/?ref_=adv_li_tt
1911658,Penguins of Madagascar,2014,6.7,68191,http://www.imdb.com/title/tt1911658/?ref_=adv_li_tt
2357291,Rio 2,2014,6.3,66517,http://www.imdb.com/title/tt2357291/?ref_=adv_li_tt
1605717,Frank,2014,7.0,65416,http://www.imdb.com/title/tt1605717/?ref_=adv_li_tt
1972571,A Most Wanted Man,2014,6.8,64284,http://www.imdb.com/title/tt1972571/?ref_=adv_li_tt
2980648,The Hundred-Foot Journey,2014,7.3,63645,http://www.imdb.com/title/tt2980648/?ref_=adv_li_tt
1121096,Seventh Son,2014,5.5,63129,http://www.imdb.com/title/tt1121096/?ref_=adv_li_tt
3007512,The Water Diviner,2014,7.1,62994,http://www.imdb.com/title/tt3007512/?ref_=adv_li_tt
1371150,This Is Where I Leave You,2014,6.6,61512,http://www.imdb.com/title/tt1371150/?ref_=adv_li_tt
2377322,Deliver Us from Evil,2014,6.2,60382,http://www.imdb.com/title/tt2377322/?ref_=adv_li_tt
2488496,Star Wars: The Force Awakens,2015,8.0,731202,http://www.imdb.com/title/tt2488496/?ref_=adv_li_tt
1392190,Mad Max: Fury Road,2015,8.1,699665,http://www.imdb.com/title/tt1392190/?ref_=adv_li_tt
3659388,The Martian,2015,8.0,609919,http://www.imdb.com/title/tt3659388/?ref_=adv_li_tt
2395427,Avengers: Age of Ultron,2015,7.4,565838,http://www.imdb.com/title/tt2395427/?ref_=adv_li_tt
1663202,The Revenant,2015,8.0,551901,http://www.imdb.com/title/tt1663202/?ref_=adv_li_tt
0369610,Jurassic World,2015,7.0,485625,http://www.imdb.com/title/tt0369610/?ref_=adv_li_tt
2096673,Inside Out,2015,8.2,470265,http://www.imdb.com/title/tt2096673/?ref_=adv_li_tt
0478970,Ant-Man,2015,7.3,414565,http://www.imdb.com/title/tt0478970/?ref_=adv_li_tt
3460252,The Hateful Eight,2015,7.8,384414,http://www.imdb.com/title/tt3460252/?ref_=adv_li_tt
2379713,Spectre,2015,6.8,329698,http://www.imdb.com/title/tt2379713/?ref_=adv_li_tt
2820852,Furious 7,2015,7.2,317730,http://www.imdb.com/title/tt2820852/?ref_=adv_li_tt
1895587,Spotlight,2015,8.1,315085,http://www.imdb.com/title/tt1895587/?ref_=adv_li_tt
3397884,Sicario,2015,7.6,279033,http://www.imdb.com/title/tt3397884/?ref_=adv_li_tt
1596363,The Big Short,2015,7.8,277153,http://www.imdb.com/title/tt1596363/?ref_=adv_li_tt
2381249,Mission: Impossible - Rogue Nation,2015,7.4,274551,http://www.imdb.com/title/tt2381249/?ref_=adv_li_tt
3170832,Room,2015,8.2,266426,http://www.imdb.com/title/tt3170832/?ref_=adv_li_tt
2322441,Fifty Shades of Grey,2015,4.1,261181,http://www.imdb.com/title/tt2322441/?ref_=adv_li_tt
3682448,Bridge of Spies,2015,7.6,240701,http://www.imdb.com/title/tt3682448/?ref_=adv_li_tt
1951266,The Hunger Games: Mockingjay - Part 2,2015,6.5,225676,http://www.imdb.com/title/tt1951266/?ref_=adv_li_tt
1638355,The Man from U.N.C.L.E.,2015,7.3,221825,http://www.imdb.com/title/tt1638355/?ref_=adv_li_tt
1340138,Terminator Genisys,2015,6.5,219338,http://www.imdb.com/title/tt1340138/?ref_=adv_li_tt
1823672,Chappie,2015,6.8,201327,http://www.imdb.com/title/tt1823672/?ref_=adv_li_tt
3079380,Spy,2015,7.0,200344,http://www.imdb.com/title/tt3079380/?ref_=adv_li_tt
3076658,Creed,2015,7.6,193062,http://www.imdb.com/title/tt3076658/?ref_=adv_li_tt
2908446,Insurgent,2015,6.2,184848,http://www.imdb.com/title/tt2908446/?ref_=adv_li_tt
1798684,Southpaw,2015,7.4,184344,http://www.imdb.com/title/tt1798684/?ref_=adv_li_tt
4046784,Maze Runner: The Scorch Trials,2015,6.3,179160,http://www.imdb.com/title/tt4046784/?ref_=adv_li_tt
2381941,Focus,2015,6.6,178667,http://www.imdb.com/title/tt2381941/?ref_=adv_li_tt
2293640,Minions,2015,6.4,176487,http://www.imdb.com/title/tt2293640/?ref_=adv_li_tt
2361509,The Intern,2015,7.1,174940,http://www.imdb.com/title/tt2361509/?ref_=adv_li_tt
2126355,San Andreas,2015,6.1,173776,http://www.imdb.com/title/tt2126355/?ref_=adv_li_tt
2719848,Everest,2015,7.1,168140,http://www.imdb.com/title/tt2719848/?ref_=adv_li_tt
1617661,Jupiter Ascending,2015,5.3,157542,http://www.imdb.com/title/tt1617661/?ref_=adv_li_tt
1398426,Straight Outta Compton,2015,7.9,153694,http://www.imdb.com/title/tt1398426/?ref_=adv_li_tt
1964418,Tomorrowland,2015,6.5,152030,http://www.imdb.com/title/tt1964418/?ref_=adv_li_tt
2637276,Ted 2,2015,6.3,150108,http://www.imdb.com/title/tt2637276/?ref_=adv_li_tt
3464902,The Lobster,2015,7.1,147772,http://www.imdb.com/title/tt3464902/?ref_=adv_li_tt
1355683,Black Mass,2015,6.9,146041,http://www.imdb.com/title/tt1355683/?ref_=adv_li_tt
1502712,Fantastic Four,2015,4.3,130522,http://www.imdb.com/title/tt1502712/?ref_=adv_li_tt
2080374,Steve Jobs,2015,7.2,128469,http://www.imdb.com/title/tt2080374/?ref_=adv_li_tt
0810819,The Danish Girl,2015,7.1,128050,http://www.imdb.com/title/tt0810819/?ref_=adv_li_tt
1661199,Cinderella,2015,6.9,127646,http://www.imdb.com/title/tt1661199/?ref_=adv_li_tt
1655441,The Age of Adaline,2015,7.2,125027,http://www.imdb.com/title/tt1655441/?ref_=adv_li_tt
3569230,Legend,2015,7.0,123012,http://www.imdb.com/title/tt3569230/?ref_=adv_li_tt
4263482,The VVitch: A New-England Folktale,2015,6.8,122177,http://www.imdb.com/title/tt4263482/?ref_=adv_li_tt
2848292,Pitch Perfect 2,2015,6.4,119320,http://www.imdb.com/title/tt2848292/?ref_=adv_li_tt
3152624,Trainwreck,2015,6.2,114140,http://www.imdb.com/title/tt3152624/?ref_=adv_li_tt
2120120,Pixels,2015,5.6,110146,http://www.imdb.com/title/tt2120120/?ref_=adv_li_tt
4178092,The Gift,2015,7.1,109629,http://www.imdb.com/title/tt4178092/?ref_=adv_li_tt
2554274,Crimson Peak,2015,6.5,109539,http://www.imdb.com/title/tt2554274/?ref_=adv_li_tt
2446980,Joy,2015,6.6,108179,http://www.imdb.com/title/tt2446980/?ref_=adv_li_tt
2381111,Brooklyn,2015,7.5,105780,http://www.imdb.com/title/tt2381111/?ref_=adv_li_tt
2561572,Get Hard,2015,6.0,102617,http://www.imdb.com/title/tt2561572/?ref_=adv_li_tt
2582496,Me and Earl and the Dying Girl,2015,7.8,102585,http://www.imdb.com/title/tt2582496/?ref_=adv_li_tt
3488710,The Walk,2015,7.3,101468,http://www.imdb.com/title/tt3488710/?ref_=adv_li_tt
1390411,In the Heart of the Sea,2015,6.9,99212,http://www.imdb.com/title/tt1390411/?ref_=adv_li_tt
3567288,The Visit,2015,6.2,91880,http://www.imdb.com/title/tt3567288/?ref_=adv_li_tt
2402927,Carol,2015,7.2,88154,http://www.imdb.com/title/tt2402927/?ref_=adv_li_tt
2199571,Run All Night,2015,6.6,87965,http://www.imdb.com/title/tt2199571/?ref_=adv_li_tt
2503944,Burnt,2015,6.6,86067,http://www.imdb.com/title/tt2503944/?ref_=adv_li_tt
1979388,The Good Dinosaur,2015,6.7,84402,http://www.imdb.com/title/tt1979388/?ref_=adv_li_tt
1528854,Daddy's Home,2015,6.1,84176,http://www.imdb.com/title/tt1528854/?ref_=adv_li_tt
2224026,Home,2015,6.7,81434,http://www.imdb.com/title/tt2224026/?ref_=adv_li_tt
1524930,Vacation,2015,6.1,80335,http://www.imdb.com/title/tt1524930/?ref_=adv_li_tt
3622592,Paper Towns,2015,6.3,80016,http://www.imdb.com/title/tt3622592/?ref_=adv_li_tt
1618442,The Last Witch Hunter,2015,6.0,78537,http://www.imdb.com/title/tt1618442/?ref_=adv_li_tt
2510894,Hotel Transylvania 2,2015,6.7,77638,http://www.imdb.com/title/tt2510894/?ref_=adv_li_tt
2679042,Hitman: Agent 47,2015,5.7,75552,http://www.imdb.com/title/tt2679042/?ref_=adv_li_tt
4062536,Green Room,2015,7.0,75374,http://www.imdb.com/title/tt4062536/?ref_=adv_li_tt
2140379,Self/less,2015,6.5,73668,http://www.imdb.com/title/tt2140379/?ref_=adv_li_tt
3195644,Insidious: Chapter 3,2015,6.1,72270,http://www.imdb.com/title/tt3195644/?ref_=adv_li_tt
3850214,Dope,2015,7.2,72111,http://www.imdb.com/title/tt3850214/?ref_=adv_li_tt
3316948,American Ultra,2015,6.1,70488,http://www.imdb.com/title/tt3316948/?ref_=adv_li_tt
3322364,Concussion,2015,7.1,70174,http://www.imdb.com/title/tt3322364/?ref_=adv_li_tt
1172049,Demolition,2015,7.0,69053,http://www.imdb.com/title/tt1172049/?ref_=adv_li_tt
3072482,Hardcore Henry,2015,6.7,68658,http://www.imdb.com/title/tt3072482/?ref_=adv_li_tt
1674771,Entourage,2015,6.6,68036,http://www.imdb.com/title/tt1674771/?ref_=adv_li_tt
2436386,Project Almanac,2015,6.4,67205,http://www.imdb.com/title/tt2436386/?ref_=adv_li_tt
2057392,Eye in the Sky,2015,7.3,65808,http://www.imdb.com/title/tt2057392/?ref_=adv_li_tt
1781922,No Escape,2015,6.8,64203,http://www.imdb.com/title/tt1781922/?ref_=adv_li_tt
2726560,The Longest Ride,2015,7.1,64019,http://www.imdb.com/title/tt2726560/?ref_=adv_li_tt
3203606,Trumbo,2015,7.5,63843,http://www.imdb.com/title/tt3203606/?ref_=adv_li_tt
1666801,The DUFF,2015,6.5,63765,http://www.imdb.com/title/tt1666801/?ref_=adv_li_tt
1051904,Goosebumps,2015,6.3,63477,http://www.imdb.com/title/tt1051904/?ref_=adv_li_tt
0884732,The Wedding Ringer,2015,6.7,62509,http://www.imdb.com/title/tt0884732/?ref_=adv_li_tt
3605418,Knock Knock,2015,4.9,61208,http://www.imdb.com/title/tt3605418/?ref_=adv_li_tt
3312830,Youth,2015,7.3,58789,http://www.imdb.com/title/tt3312830/?ref_=adv_li_tt
2494362,Bone Tomahawk,2015,7.1,56622,http://www.imdb.com/title/tt2494362/?ref_=adv_li_tt
3045616,Mortdecai,2015,5.5,56107,http://www.imdb.com/title/tt3045616/?ref_=adv_li_tt
1365050,Beasts of No Nation,2015,7.8,56103,http://www.imdb.com/title/tt1365050/?ref_=adv_li_tt
1850457,Sisters,2015,6.0,54653,http://www.imdb.com/title/tt1850457/?ref_=adv_li_tt
3168230,Mr. Holmes,2015,6.9,54002,http://www.imdb.com/title/tt3168230/?ref_=adv_li_tt
1014763,Child 44,2015,6.5,53394,http://www.imdb.com/title/tt1014763/?ref_=adv_li_tt
2400463,The Invitation,2015,6.7,53225,http://www.imdb.com/title/tt2400463/?ref_=adv_li_tt
3530002,The Night Before,2015,6.4,52468,http://www.imdb.com/title/tt3530002/?ref_=adv_li_tt
3332064,Pan,2015,5.8,51881,http://www.imdb.com/title/tt3332064/?ref_=adv_li_tt
2401878,Anomalisa,2015,7.2,51252,http://www.imdb.com/title/tt2401878/?ref_=adv_li_tt
2058673,Point Break,2015,5.3,49397,http://www.imdb.com/title/tt2058673/?ref_=adv_li_tt
3850590,Krampus,2015,6.2,49002,http://www.imdb.com/title/tt3850590/?ref_=adv_li_tt
1029360,Poltergeist,2015,4.9,48760,http://www.imdb.com/title/tt1029360/?ref_=adv_li_tt
1431045,Deadpool,2016,8.0,708163,http://www.imdb.com/title/tt1431045/?ref_=adv_li_tt
2975590,Batman v Superman: Dawn of Justice,2016,6.6,525677,http://www.imdb.com/title/tt2975590/?ref_=adv_li_tt
3498820,Captain America: Civil War,2016,7.8,479277,http://www.imdb.com/title/tt3498820/?ref_=adv_li_tt
1386697,Suicide Squad,2016,6.1,469946,http://www.imdb.com/title/tt1386697/?ref_=adv_li_tt
2543164,Arrival,2016,7.9,438359,http://www.imdb.com/title/tt2543164/?ref_=adv_li_tt
3748528,Rogue One,2016,7.8,414466,http://www.imdb.com/title/tt3748528/?ref_=adv_li_tt
1211837,Doctor Strange,2016,7.5,394688,http://www.imdb.com/title/tt1211837/?ref_=adv_li_tt
3783958,La La Land,2016,8.1,359611,http://www.imdb.com/title/tt3783958/?ref_=adv_li_tt
2948356,Zootopia,2016,8.0,338416,http://www.imdb.com/title/tt2948356/?ref_=adv_li_tt
3385516,X-Men: Apocalypse,2016,7.0,313316,http://www.imdb.com/title/tt3385516/?ref_=adv_li_tt
2119532,Hacksaw Ridge,2016,8.2,307293,http://www.imdb.com/title/tt2119532/?ref_=adv_li_tt
3183660,Fantastic Beasts and Where to Find Them,2016,7.4,296899,http://www.imdb.com/title/tt3183660/?ref_=adv_li_tt
1355644,Passengers,2016,7.0,267227,http://www.imdb.com/title/tt1355644/?ref_=adv_li_tt
4972582,Split,2016,7.3,255538,http://www.imdb.com/title/tt4972582/?ref_=adv_li_tt
1179933,10 Cloverfield Lane,2016,7.2,231426,http://www.imdb.com/title/tt1179933/?ref_=adv_li_tt
3040964,The Jungle Book,2016,7.5,221569,http://www.imdb.com/title/tt3040964/?ref_=adv_li_tt
3799694,The Nice Guys,2016,7.4,209809,http://www.imdb.com/title/tt3799694/?ref_=adv_li_tt
2140479,The Accountant,2016,7.4,207190,http://www.imdb.com/title/tt2140479/?ref_=adv_li_tt
0803096,Warcraft,2016,6.9,207125,http://www.imdb.com/title/tt0803096/?ref_=adv_li_tt
2660888,Star Trek: Beyond,2016,7.1,190875,http://www.imdb.com/title/tt2660888/?ref_=adv_li_tt
4975722,Moonlight,2016,7.4,187638,http://www.imdb.com/title/tt4975722/?ref_=adv_li_tt
2277860,Finding Dory,2016,7.3,187421,http://www.imdb.com/title/tt2277860/?ref_=adv_li_tt
3110958,Now You See Me 2,2016,6.5,185906,http://www.imdb.com/title/tt3110958/?ref_=adv_li_tt
3521164,Moana,2016,7.6,183425,http://www.imdb.com/title/tt3521164/?ref_=adv_li_tt
4034228,Manchester by the Sea,2016,7.8,183120,http://www.imdb.com/title/tt4034228/?ref_=adv_li_tt
3263904,Sully,2016,7.5,173879,http://www.imdb.com/title/tt3263904/?ref_=adv_li_tt
4550098,Nocturnal Animals,2016,7.5,173176,http://www.imdb.com/title/tt4550098/?ref_=adv_li_tt
4196776,Jason Bourne,2016,6.6,172499,http://www.imdb.com/title/tt4196776/?ref_=adv_li_tt
1289401,Ghostbusters,2016,5.3,165304,http://www.imdb.com/title/tt1289401/?ref_=adv_li_tt
3065204,The Conjuring 2,2016,7.4,163193,http://www.imdb.com/title/tt3065204/?ref_=adv_li_tt
4776998,The Promise,2016,6.0,160215,http://www.imdb.com/title/tt4776998/?ref_=adv_li_tt
3741834,Lion,2016,8.1,155224,http://www.imdb.com/title/tt3741834/?ref_=adv_li_tt
4160708,Don't Breathe,2016,7.1,155046,http://www.imdb.com/title/tt4160708/?ref_=adv_li_tt
2404435,The Magnificent Seven,2016,6.9,150004,http://www.imdb.com/title/tt2404435/?ref_=adv_li_tt
2582782,Hell or High Water,2016,7.6,149235,http://www.imdb.com/title/tt2582782/?ref_=adv_li_tt
2094766,Assassin's Creed,2016,5.8,149147,http://www.imdb.com/title/tt2094766/?ref_=adv_li_tt
4846340,Hidden Figures,2016,7.8,144606,http://www.imdb.com/title/tt4846340/?ref_=adv_li_tt
1628841,Independence Day: Resurgence,2016,5.2,143082,http://www.imdb.com/title/tt1628841/?ref_=adv_li_tt
2709768,The Secret Life of Pets,2016,6.5,142578,http://www.imdb.com/title/tt2709768/?ref_=adv_li_tt
1700841,Sausage Party,2016,6.2,141992,http://www.imdb.com/title/tt1700841/?ref_=adv_li_tt
2674426,Me Before You,2016,7.4,141474,http://www.imdb.com/title/tt2674426/?ref_=adv_li_tt
0918940,The Legend of Tarzan,2016,6.3,135956,http://www.imdb.com/title/tt0918940/?ref_=adv_li_tt
3553976,Captain Fantastic,2016,7.9,135262,http://www.imdb.com/title/tt3553976/?ref_=adv_li_tt
2005151,War Dogs,2016,7.1,134141,http://www.imdb.com/title/tt2005151/?ref_=adv_li_tt
3631112,The Girl on the Train,2016,6.5,129773,http://www.imdb.com/title/tt3631112/?ref_=adv_li_tt
1935859,Miss Peregrine's Home for Peculiar Children,2016,6.7,125976,http://www.imdb.com/title/tt1935859/?ref_=adv_li_tt
3062096,Inferno,2016,6.2,120480,http://www.imdb.com/title/tt3062096/?ref_=adv_li_tt
1860357,Deepwater Horizon,2016,7.2,116476,http://www.imdb.com/title/tt1860357/?ref_=adv_li_tt
1489889,Central Intelligence,2016,6.3,114704,http://www.imdb.com/title/tt1489889/?ref_=adv_li_tt
3300542,London Has Fallen,2016,5.9,113036,http://www.imdb.com/title/tt3300542/?ref_=adv_li_tt
3640424,Allied,2016,7.1,107583,http://www.imdb.com/title/tt3640424/?ref_=adv_li_tt
3774114,Snowden,2016,7.3,102103,http://www.imdb.com/title/tt3774114/?ref_=adv_li_tt
2267968,Kung Fu Panda 3,2016,7.1,101152,http://www.imdb.com/title/tt2267968/?ref_=adv_li_tt
3393786,Jack Reacher: Never Go Back,2016,6.1,100894,http://www.imdb.com/title/tt3393786/?ref_=adv_li_tt
0475290,"Hail, Caesar!",2016,6.3,100410,http://www.imdb.com/title/tt0475290/?ref_=adv_li_tt
2034800,The Great Wall,2016,6.0,95727,http://www.imdb.com/title/tt2034800/?ref_=adv_li_tt
3470600,Sing,2016,7.1,95236,http://www.imdb.com/title/tt3470600/?ref_=adv_li_tt
4052882,The Shallows,2016,6.3,92595,http://www.imdb.com/title/tt4052882/?ref_=adv_li_tt
4302938,Kubo and the Two Strings,2016,7.8,90454,http://www.imdb.com/title/tt4302938/?ref_=adv_li_tt
4172430,13 Hours,2016,7.3,90044,http://www.imdb.com/title/tt4172430/?ref_=adv_li_tt
4438848,Neighbors 2: Sorority Rising,2016,5.7,89648,http://www.imdb.com/title/tt4438848/?ref_=adv_li_tt
1860213,Dirty Grandpa,2016,5.9,88955,http://www.imdb.com/title/tt1860213/?ref_=adv_li_tt
3531824,Nerve,2016,6.6,88760,http://www.imdb.com/title/tt3531824/?ref_=adv_li_tt
4651520,Bad Moms,2016,6.2,87746,http://www.imdb.com/title/tt4651520/?ref_=adv_li_tt
4786282,Lights Out,2016,6.3,87309,http://www.imdb.com/title/tt4786282/?ref_=adv_li_tt
2404233,Gods of Egypt,2016,5.4,84167,http://www.imdb.com/title/tt2404233/?ref_=adv_li_tt
3410834,Allegiant,2016,5.7,82729,http://www.imdb.com/title/tt3410834/?ref_=adv_li_tt
2304933,The 5th Wave,2016,5.2,82273,http://www.imdb.com/title/tt2304933/?ref_=adv_li_tt
4276820,The Founder,2016,7.2,77996,http://www.imdb.com/title/tt4276820/?ref_=adv_li_tt
4034354,Swiss Army Man,2016,7.0,77956,http://www.imdb.com/title/tt4034354/?ref_=adv_li_tt
4501244,Why Him?,2016,6.2,77616,http://www.imdb.com/title/tt4501244/?ref_=adv_li_tt
2241351,Money Monster,2016,6.5,77131,http://www.imdb.com/title/tt2241351/?ref_=adv_li_tt
2381991,The Huntsman: Winter's War,2016,6.1,76716,http://www.imdb.com/title/tt2381991/?ref_=adv_li_tt
3381008,The Brothers Grimsby,2016,6.2,73375,http://www.imdb.com/title/tt3381008/?ref_=adv_li_tt
2671706,Fences,2016,7.2,73000,http://www.imdb.com/title/tt2671706/?ref_=adv_li_tt
0490215,Silence,2016,7.2,72981,http://www.imdb.com/title/tt0490215/?ref_=adv_li_tt
4698684,Hunt for the Wilderpeople,2016,7.9,71260,http://www.imdb.com/title/tt4698684/?ref_=adv_li_tt
3949660,Teenage Mutant Ninja Turtles: Out of the Shadows,2016,6.0,69211,http://www.imdb.com/title/tt3949660/?ref_=adv_li_tt
1878870,The Edge of Seventeen,2016,7.4,68998,http://www.imdb.com/title/tt1878870/?ref_=adv_li_tt
2567026,Alice Through the Looking Glass,2016,6.2,68337,http://www.imdb.com/title/tt2567026/?ref_=adv_li_tt
1292566,How to Be Single,2016,6.1,67256,http://www.imdb.com/title/tt1292566/?ref_=adv_li_tt
4682786,Collateral Beauty,2016,6.8,66769,http://www.imdb.com/title/tt4682786/?ref_=adv_li_tt
2823054,Mike and Dave Need Wedding Dates,2016,6.0,66538,http://www.imdb.com/title/tt2823054/?ref_=adv_li_tt
1083452,Eddie the Eagle,2016,7.4,66003,http://www.imdb.com/title/tt1083452/?ref_=adv_li_tt
3544112,Sing Street,2016,8.0,65296,http://www.imdb.com/title/tt3544112/?ref_=adv_li_tt
4094724,The Purge: Election Year,2016,6.0,65261,http://www.imdb.com/title/tt4094724/?ref_=adv_li_tt
2592614,Resident Evil: The Final Chapter,2016,5.6,65206,http://www.imdb.com/title/tt2592614/?ref_=adv_li_tt
1985949,Angry Birds,2016,6.3,63088,http://www.imdb.com/title/tt1985949/?ref_=adv_li_tt
4572514,Patriots Day,2016,7.4,62592,http://www.imdb.com/title/tt4572514/?ref_=adv_li_tt
2649554,Midnight Special,2016,6.6,62427,http://www.imdb.com/title/tt2649554/?ref_=adv_li_tt
1974419,The Neon Demon,2016,6.2,62387,http://www.imdb.com/title/tt1974419/?ref_=adv_li_tt
3691740,The BFG,2016,6.4,61167,http://www.imdb.com/title/tt3691740/?ref_=adv_li_tt
5022702,Hush,2016,6.6,60177,http://www.imdb.com/title/tt5022702/?ref_=adv_li_tt
3416532,A Monster Calls,2016,7.5,59284,http://www.imdb.com/title/tt3416532/?ref_=adv_li_tt
3882082,The Boy,2016,6.0,59234,http://www.imdb.com/title/tt3882082/?ref_=adv_li_tt
3289956,The Autopsy of Jane Doe,2016,6.8,58621,http://www.imdb.com/title/tt3289956/?ref_=adv_li_tt
3522806,Mechanic: Resurrection,2016,5.7,58416,http://www.imdb.com/title/tt3522806/?ref_=adv_li_tt
1619029,Jackie,2016,6.7,57981,http://www.imdb.com/title/tt1619029/?ref_=adv_li_tt
4731136,A Cure for Wellness,2016,6.4,57221,http://www.imdb.com/title/tt4731136/?ref_=adv_li_tt
1679335,Trolls,2016,6.5,55389,http://www.imdb.com/title/tt1679335/?ref_=adv_li_tt
3315342,Logan,2017,8.1,462511,http://www.imdb.com/title/tt3315342/?ref_=adv_li_tt
0451279,Wonder Woman,2017,7.5,389622,http://www.imdb.com/title/tt0451279/?ref_=adv_li_tt
5013056,Dunkirk,2017,8.0,368777,http://www.imdb.com/title/tt5013056/?ref_=adv_li_tt
3896198,Guardians of the Galaxy Vol. 2,2017,7.7,352969,http://www.imdb.com/title/tt3896198/?ref_=adv_li_tt
2527336,Star Wars: Episode VIII - The Last Jedi,2017,7.4,340663,http://www.imdb.com/title/tt2527336/?ref_=adv_li_tt
2250912,Spider-Man: Homecoming,2017,7.5,293521,http://www.imdb.com/title/tt2250912/?ref_=adv_li_tt
5052448,Get Out,2017,7.7,282435,http://www.imdb.com/title/tt5052448/?ref_=adv_li_tt
3890160,Baby Driver,2017,7.7,280653,http://www.imdb.com/title/tt3890160/?ref_=adv_li_tt
3501632,Thor: Ragnarok,2017,8.0,276976,http://www.imdb.com/title/tt3501632/?ref_=adv_li_tt
1856101,Blade Runner 2049,2017,8.1,267266,http://www.imdb.com/title/tt1856101/?ref_=adv_li_tt
1396484,It,2017,7.5,257951,http://www.imdb.com/title/tt1396484/?ref_=adv_li_tt
0974015,Justice League,2017,6.8,220412,http://www.imdb.com/title/tt0974015/?ref_=adv_li_tt
4425200,John Wick: Chapter 2,2017,7.5,220102,http://www.imdb.com/title/tt4425200/?ref_=adv_li_tt
2771200,Beauty and the Beast,2017,7.3,201839,http://www.imdb.com/title/tt2771200/?ref_=adv_li_tt
3731562,Kong: Skull Island,2017,6.7,198305,http://www.imdb.com/title/tt3731562/?ref_=adv_li_tt
2316204,Alien: Covenant,2017,6.5,190826,http://www.imdb.com/title/tt2316204/?ref_=adv_li_tt
5027774,"Three Billboards Outside Ebbing, Missouri",2017,8.2,189463,http://www.imdb.com/title/tt5027774/?ref_=adv_li_tt
1790809,Pirates of the Caribbean: Dead Men Tell No Tales,2017,6.6,187309,http://www.imdb.com/title/tt1790809/?ref_=adv_li_tt
4649466,Kingsman: The Golden Circle,2017,6.9,167057,http://www.imdb.com/title/tt4649466/?ref_=adv_li_tt
5580390,The Shape of Water,2017,7.5,165335,http://www.imdb.com/title/tt5580390/?ref_=adv_li_tt
3450958,War for the Planet of the Apes,2017,7.5,161583,http://www.imdb.com/title/tt3450958/?ref_=adv_li_tt
4630562,The Fate of the Furious,2017,6.7,156381,http://www.imdb.com/title/tt4630562/?ref_=adv_li_tt
5442430,Life,2017,6.6,152080,http://www.imdb.com/title/tt5442430/?ref_=adv_li_tt
1219827,Ghost in the Shell,2017,6.4,147614,http://www.imdb.com/title/tt1219827/?ref_=adv_li_tt
1972591,King Arthur: Legend of the Sword,2017,6.8,142466,http://www.imdb.com/title/tt1972591/?ref_=adv_li_tt
2380307,Coco,2017,8.5,136367,http://www.imdb.com/title/tt2380307/?ref_=adv_li_tt
2345759,The Mummy,2017,5.5,127121,http://www.imdb.com/title/tt2345759/?ref_=adv_li_tt
1959563,The Hitman's Bodyguard,2017,6.9,120325,http://www.imdb.com/title/tt1959563/?ref_=adv_li_tt
5519340,Bright,2017,6.4,118823,http://www.imdb.com/title/tt5519340/?ref_=adv_li_tt
3402236,Murder on the Orient Express,2017,6.6,115490,http://www.imdb.com/title/tt3402236/?ref_=adv_li_tt
2283362,Jumanji: Welcome to the Jungle,2017,7.1,111781,http://www.imdb.com/title/tt2283362/?ref_=adv_li_tt
2406566,Atomic Blonde,2017,6.7,111581,http://www.imdb.com/title/tt2406566/?ref_=adv_li_tt
5362988,Wind River,2017,7.8,110449,http://www.imdb.com/title/tt5362988/?ref_=adv_li_tt
5109784,Mother!,2017,6.7,108663,http://www.imdb.com/title/tt5109784/?ref_=adv_li_tt
2239822,Valerian and the City of a Thousand Planets,2017,6.5,107021,http://www.imdb.com/title/tt2239822/?ref_=adv_li_tt
4925292,Lady Bird,2017,7.6,98864,http://www.imdb.com/title/tt4925292/?ref_=adv_li_tt
1469304,Baywatch,2017,5.6,96834,http://www.imdb.com/title/tt1469304/?ref_=adv_li_tt
4116284,The LEGO Batman Movie,2017,7.3,96408,http://www.imdb.com/title/tt4116284/?ref_=adv_li_tt
3371366,Transformers: The Last Knight,2017,5.2,93156,http://www.imdb.com/title/tt3371366/?ref_=adv_li_tt
3532216,American Made,2017,7.2,90269,http://www.imdb.com/title/tt3532216/?ref_=adv_li_tt
5726616,Call Me by Your Name,2017,8.1,87309,http://www.imdb.com/title/tt5726616/?ref_=adv_li_tt
1648190,The Dark Tower,2017,5.7,83853,http://www.imdb.com/title/tt1648190/?ref_=adv_li_tt
1485796,The Greatest Showman,2017,7.9,82758,http://www.imdb.com/title/tt1485796/?ref_=adv_li_tt
4555426,Darkest Hour,2017,7.4,79213,http://www.imdb.com/title/tt4555426/?ref_=adv_li_tt
5462602,The Big Sick,2017,7.6,78837,http://www.imdb.com/title/tt5462602/?ref_=adv_li_tt
3717490,Power Rangers,2017,6.0,78695,http://www.imdb.com/title/tt3717490/?ref_=adv_li_tt
2763304,T2 Trainspotting,2017,7.3,78576,http://www.imdb.com/title/tt2763304/?ref_=adv_li_tt
3874544,The Boss Baby,2017,6.3,74651,http://www.imdb.com/title/tt3874544/?ref_=adv_li_tt
5439796,Logan Lucky,2017,7.1,73653,http://www.imdb.com/title/tt5439796/?ref_=adv_li_tt
4465564,Fifty Shades Darker,2017,4.6,69230,http://www.imdb.com/title/tt4465564/?ref_=adv_li_tt
3469046,Despicable Me 3,2017,6.3,68031,http://www.imdb.com/title/tt3469046/?ref_=adv_li_tt
1293847,xXx: Return of Xander Cage,2017,5.2,67892,http://www.imdb.com/title/tt1293847/?ref_=adv_li_tt
5140878,Annabelle: Creation,2017,6.6,66133,http://www.imdb.com/title/tt5140878/?ref_=adv_li_tt
5580036,"I, Tonya",2017,7.6,65595,http://www.imdb.com/title/tt5580036/?ref_=adv_li_tt
3521126,The Disaster Artist,2017,7.6,64297,http://www.imdb.com/title/tt3521126/?ref_=adv_li_tt
4481414,Gifted,2017,7.6,62484,http://www.imdb.com/title/tt4481414/?ref_=adv_li_tt
2543472,Wonder,2017,8.0,60958,http://www.imdb.com/title/tt2543472/?ref_=adv_li_tt
4287320,The Circle,2017,5.3,58250,http://www.imdb.com/title/tt4287320/?ref_=adv_li_tt
1536537,What Happened to Monday,2017,6.9,57295,http://www.imdb.com/title/tt1536537/?ref_=adv_li_tt
3967856,Okja,2017,7.4,56904,http://www.imdb.com/title/tt3967856/?ref_=adv_li_tt
1615160,The Foreigner,2017,7.1,56449,http://www.imdb.com/title/tt1615160/?ref_=adv_li_tt
1241317,Death Note,2017,4.6,55997,http://www.imdb.com/title/tt1241317/?ref_=adv_li_tt
6294822,The Post,2017,7.3,53570,http://www.imdb.com/title/tt6294822/?ref_=adv_li_tt
2568862,Going in Style,2017,6.6,53187,http://www.imdb.com/title/tt2568862/?ref_=adv_li_tt
1981128,Geostorm,2017,5.4,52906,http://www.imdb.com/title/tt1981128/?ref_=adv_li_tt
4695012,It Comes at Night,2017,6.2,51437,http://www.imdb.com/title/tt4695012/?ref_=adv_li_tt
5715874,The Killing of a Sacred Deer,2017,7.1,50595,http://www.imdb.com/title/tt5715874/?ref_=adv_li_tt
5308322,Happy Death Day,2017,6.5,49787,http://www.imdb.com/title/tt5308322/?ref_=adv_li_tt
4633690,Shot Caller,2017,7.4,42611,http://www.imdb.com/title/tt4633690/?ref_=adv_li_tt
1753383,A Dog's Purpose,2017,6.9,42368,http://www.imdb.com/title/tt1753383/?ref_=adv_li_tt
5776858,Phantom Thread,2017,7.8,41877,http://www.imdb.com/title/tt5776858/?ref_=adv_li_tt
3606752,Cars 3,2017,6.8,41708,http://www.imdb.com/title/tt3606752/?ref_=adv_li_tt
1961175,American Assassin,2017,6.2,41379,http://www.imdb.com/title/tt1961175/?ref_=adv_li_tt
3748172,Gerald's Game,2017,6.7,41064,http://www.imdb.com/title/tt3748172/?ref_=adv_li_tt
3348730,Jigsaw,2017,5.9,39086,http://www.imdb.com/title/tt3348730/?ref_=adv_li_tt
5649144,The Florida Project,2017,7.7,37223,http://www.imdb.com/title/tt5649144/?ref_=adv_li_tt
2226597,The Mountain Between Us,2017,6.4,37084,http://www.imdb.com/title/tt2226597/?ref_=adv_li_tt
4209788,Molly's Game,2017,7.5,36874,http://www.imdb.com/title/tt4209788/?ref_=adv_li_tt
4877122,The Emoji Movie,2017,3.1,36706,http://www.imdb.com/title/tt4877122/?ref_=adv_li_tt
4846232,Good Time,2017,7.3,33712,http://www.imdb.com/title/tt4846232/?ref_=adv_li_tt
3922818,The Space Between Us,2017,6.4,32754,http://www.imdb.com/title/tt3922818/?ref_=adv_li_tt
1389072,Downsizing,2017,5.7,32634,http://www.imdb.com/title/tt1389072/?ref_=adv_li_tt
1758810,The Snowman,2017,5.1,32092,http://www.imdb.com/title/tt1758810/?ref_=adv_li_tt
5592248,The Beguiled,2017,6.4,31956,http://www.imdb.com/title/tt5592248/?ref_=adv_li_tt
6265828,A Ghost Story,2017,6.9,31891,http://www.imdb.com/title/tt6265828/?ref_=adv_li_tt
4225622,The Babysitter,2017,6.3,31408,http://www.imdb.com/title/tt4225622/?ref_=adv_li_tt
1691916,Before I Fall,2017,6.4,29546,http://www.imdb.com/title/tt1691916/?ref_=adv_li_tt
4799050,Rough Night,2017,5.2,29509,http://www.imdb.com/title/tt4799050/?ref_=adv_li_tt
0498381,Rings,2017,4.5,28932,http://www.imdb.com/title/tt0498381/?ref_=adv_li_tt
0493405,CHIPS,2017,6.0,28837,http://www.imdb.com/title/tt0493405/?ref_=adv_li_tt
2932536,47 Meters Down,2017,5.7,28701,http://www.imdb.com/title/tt2932536/?ref_=adv_li_tt
4758646,War Machine,2017,6.0,28444,http://www.imdb.com/title/tt4758646/?ref_=adv_li_tt
3401882,Fist Fight,2017,5.6,28177,http://www.imdb.com/title/tt3401882/?ref_=adv_li_tt
5657856,Brawl in Cell Block 99,2017,7.2,27821,http://www.imdb.com/title/tt5657856/?ref_=adv_li_tt
4622512,Battle of the Sexes,2017,6.8,27749,http://www.imdb.com/title/tt4622512/?ref_=adv_li_tt
5390504,Detroit,2017,7.4,27602,http://www.imdb.com/title/tt5390504/?ref_=adv_li_tt
5710514,I Don't Feel at Home in This World Anymore.,2017,7.0,27353,http://www.imdb.com/title/tt5710514/?ref_=adv_li_tt
5657846,Daddy's Home 2,2017,6.0,26282,http://www.imdb.com/title/tt5657846/?ref_=adv_li_tt
4995790,The Square,2017,7.4,26109,http://www.imdb.com/title/tt4995790/?ref_=adv_li_tt
5638642,The Ritual,2017,6.3,25025,http://www.imdb.com/title/tt5638642/?ref_=adv_li_tt
